Workbook

Sheet Summary
A6: Crop production in EU standard humidity [apro_cpsh1__custom_18188015]
A7: Open product page | B7: Open in Data Browser
A8: Description: | B8: -
A10: Last update of data: | D10: 17/09/2025 23:00
A11: Last change of data structure: | D11: 26/08/2025 23:00
B13: Institutional source(s)
C14: Eurostat
B15: Contents | C15: Time frequency | D15: Crops | E15: Structure of production
B16: Sheet 1 | C16: Annual | D16: Cereals for the production of grain (including seed) | E16: Area (cultivation/harvested/production) (1000 ha)
B17: Flags 1 | C17: Annual | D17: Cereals for the production of grain (including seed) | E17: Area (cultivation/harvested/production) (1000 ha)
B18: Sheet 2 | C18: Annual | D18: Cereals for the production of grain (including seed) | E18: Harvested production in EU standard humidity (1000 t)
B19: Flags 2 | C19: Annual | D19: Cereals for the production of grain (including seed) | E19: Harvested production in EU standard humidity (1000 t)
B20: Sheet 3 | C20: Annual | D20: Cereals for the production of grain (including seed) | E20: Yield in EU standard humidity (tonne/ha)
B21: Flags 3 | C21: Annual | D21: Cereals for the production of grain (including seed) | E21: Yield in EU standard humidity (tonne/ha)
B22: Sheet 4 | C22: Annual | D22: Cereals (excluding rice) for the production of grain (including seed) | E22: Area (cultivation/harvested/production) (1000 ha)
B23: Flags 4 | C23: Annual | D23: Cereals (excluding rice) for the production of grain (including seed) | E23: Area (cultivation/harvested/production) (1000 ha)
B24: Sheet 5 | C24: Annual | D24: Cereals (excluding rice) for the production of grain (including seed) | E24: Harvested production in EU standard humidity (1000 t)
B25: Flags 5 | C25: Annual | D25: Cereals (excluding rice) for the production of grain (including seed) | E25: Harvested production in EU standard humidity (1000 t)
B26: Sheet 6 | C26: Annual | D26: Cereals (excluding rice) for the production of grain (including seed) | E26: Yield in EU standard humidity (tonne/ha)
... B207: Flags 18 | C207: Annual | D207: Cultivated mushrooms | E207: Yield in EU standard humidity (tonne/ha)

Sheet Structure
A1: Structure
B2: Dimension | C2: Position
B3: Label | C3: Label
B4: Time frequency | C4: Annual
B5: Crops | C5: Cereals for the production of grain (including seed)
B6: Crops | C6: Cereals (excluding rice) for the production of grain (including seed)
B7: Crops | C7: Wheat and spelt
B8: Crops | C8: Common wheat and spelt
B9: Crops | C9: Rye
B10: Crops | C10: Barley
B11: Crops | C11: Oats
B12: Crops | C12: Grain maize and corn-cob-mix
B13: Crops | C13: Triticale
... B84: Time | C84: 2025

Sheet EU27_2023_Summary
A1: Crop Category | B1: Area (1000 ha) | C1: Production (1000 t) | D1: Yield (t/ha)
A3: Cereals for the production of grain (including seed) | B3: =(IF('Sheet 1'!I12 = ":", SUM('Sheet 1'!I14:I40), 'Sheet 1'!I12))*1000 -> 50965830 | C3: =(IF('Sheet 2'!I12 = ":", SUM('Sheet 2'!I14:I40), 'Sheet 2'!I12))*1000 -> 271644810 | D3: =IF('Sheet 3'!I12 = ":", C3/B3, 'Sheet 3'!I12) -> 5.3299399
A4: Cereals (excluding rice) for the production of grain (including seed) | B4: =(IF('Sheet 4'!I12 = ":", SUM('Sheet 4'!I14:I40), 'Sheet 4'!I12))*1000 -> 50616790 | C4: =(IF('Sheet 5'!I12 = ":", SUM('Sheet 5'!I14:I40), 'Sheet 5'!I12))*1000 -> 269370580 | D4: =IF('Sheet 6'!I12 = ":", C4/B4, 'Sheet 6'!I12) -> 5.3217634
A5: Wheat and spelt | B5: =(IF('Sheet 7'!I12 = ":", SUM('Sheet 7'!I14:I40), 'Sheet 7'!I12))*1000 -> 24232800 | C5: =(IF('Sheet 8'!I12 = ":", SUM('Sheet 8'!I14:I40), 'Sheet 8'!I12))*1000 -> 1.3348117e+08 | D5: =IF('Sheet 9'!I12 = ":", C5/B5, 'Sheet 9'!I12) -> 5.5082851
A6: Common wheat and spelt | B6: =(IF('Sheet 10'!I12 = ":", SUM('Sheet 10'!I14:I40), 'Sheet 10'!I12))*1000 -> 21915630 | C6: =(IF('Sheet 11'!I12 = ":", SUM('Sheet 11'!I14:I40), 'Sheet 11'!I12))*1000 -> 125878520 | D6: =IF('Sheet 12'!I12 = ":", C6/B6, 'Sheet 12'!I12) -> 5.7437783
A7: Rye | B7: =(IF('Sheet 13'!I12 = ":", SUM('Sheet 13'!I14:I40), 'Sheet 13'!I12))*1000 -> 1856350 | C7: =(IF('Sheet 14'!I12 = ":", SUM('Sheet 14'!I14:I40), 'Sheet 14'!I12))*1000 -> 7492690 | D7: =IF('Sheet 15'!I12 = ":", C7/B7, 'Sheet 15'!I12) -> 4.0362486
A8: Barley | B8: =(IF('Sheet 16'!I12 = ":", SUM('Sheet 16'!I14:I40), 'Sheet 16'!I12))*1000 -> 10368150 | C8: =(IF('Sheet 17'!I12 = ":", SUM('Sheet 17'!I14:I40), 'Sheet 17'!I12))*1000 -> 47389510 | D8: =IF('Sheet 18'!I12 = ":", C8/B8, 'Sheet 18'!I12) -> 4.5706814
A9: Oats | B9: =(IF('Sheet 19'!I12 = ":", SUM('Sheet 19'!I14:I40), 'Sheet 19'!I12))*1000 -> 2305110 | C9: =(IF('Sheet 20'!I12 = ":", SUM('Sheet 20'!I14:I40), 'Sheet 20'!I12))*1000 -> 5888110 | D9: =IF('Sheet 21'!I12 = ":", C9/B9, 'Sheet 21'!I12) -> 2.5543727
A10: Grain maize and corn-cob-mix | B10: =(IF('Sheet 22'!I12 = ":", SUM('Sheet 22'!I14:I40), 'Sheet 22'!I12))*1000 -> 8298970 | C10: =(IF('Sheet 23'!I12 = ":", SUM('Sheet 23'!I14:I40), 'Sheet 23'!I12))*1000 -> 61035300 | D10: =IF('Sheet 24'!I12 = ":", C10/B10, 'Sheet 24'!I12) -> 7.3545633
A11: Triticale | B11: =(IF('Sheet 25'!I12 = ":", SUM('Sheet 25'!I14:I40), 'Sheet 25'!I12))*1000 -> 2550710 | C11: =(IF('Sheet 26'!I12 = ":", SUM('Sheet 26'!I14:I40), 'Sheet 26'!I12))*1000 -> 10872970 | D11: =IF('Sheet 27'!I12 = ":", C11/B11, 'Sheet 27'!I12) -> 4.2627229
A12: Other cereals n.e.c. (buckwheat, millet, canary seed, etc.) | B12: =(IF('Sheet 28'!I12 = ":", SUM('Sheet 28'!I14:I40), 'Sheet 28'!I12))*1000 -> 354570 | C12: =(IF('Sheet 29'!I12 = ":", SUM('Sheet 29'!I14:I40), 'Sheet 29'!I12))*1000 -> 720340 | D12: =IF('Sheet 30'!I12 = ":", C12/B12, 'Sheet 30'!I12) -> 2.0315876
A13: Rice | B13: =(IF('Sheet 31'!I12 = ":", SUM('Sheet 31'!I14:I40), 'Sheet 31'!I12))*1000 -> 348990 | C13: =(IF('Sheet 32'!I12 = ":", SUM('Sheet 32'!I14:I40), 'Sheet 32'!I12))*1000 -> 2234830 | D13: =IF('Sheet 33'!I12 = ":", C13/B13, 'Sheet 33'!I12) -> 6.4037078
A14: Potatoes (including seed potatoes) | B14: =(IF('Sheet 34'!I12 = ":", SUM('Sheet 34'!I14:I40), 'Sheet 34'!I12))*1000 -> 1328950 | C14: =(IF('Sheet 35'!I12 = ":", SUM('Sheet 35'!I14:I40), 'Sheet 35'!I12))*1000 -> 48142050 | D14: =IF('Sheet 36'!I12 = ":", C14/B14, 'Sheet 36'!I12) -> 36.225629
A15: Sugar beet (excluding seed) | B15: =(IF('Sheet 37'!I12 = ":", SUM('Sheet 37'!I14:I40), 'Sheet 37'!I12))*1000 -> 1468070 | C15: =(IF('Sheet 38'!I12 = ":", SUM('Sheet 38'!I14:I40), 'Sheet 38'!I12))*1000 -> 110253300 | D15: =IF('Sheet 39'!I12 = ":", C15/B15, 'Sheet 39'!I12) -> 75.100847
A16: Oilseeds | B16: =(IF('Sheet 40'!I12 = ":", SUM('Sheet 40'!I14:I40), 'Sheet 40'!I12))*1000 -> 12147950 | C16: =(IF('Sheet 41'!I12 = ":", SUM('Sheet 41'!I14:I40), 'Sheet 41'!I12))*1000 -> 33186960 | D16: =IF('Sheet 42'!I12 = ":", C16/B16, 'Sheet 42'!I12) -> 2.731898
A17: Rape, turnip rape, sunflower seeds and soya | B17: =(IF('Sheet 43'!I12 = ":", SUM('Sheet 43'!I14:I40), 'Sheet 43'!I12))*1000 -> 11865590 | C17: =(IF('Sheet 44'!I12 = ":", SUM('Sheet 44'!I14:I40), 'Sheet 44'!I12))*1000 -> 30712750 | D17: =IF('Sheet 45'!I12 = ":", C17/B17, 'Sheet 45'!I12) -> 2.5883879
A18: Rape and turnip rape seeds | B18: =(IF('Sheet 46'!I12 = ":", SUM('Sheet 46'!I14:I40), 'Sheet 46'!I12))*1000 -> 6192830 | C18: =(IF('Sheet 47'!I12 = ":", SUM('Sheet 47'!I14:I40), 'Sheet 47'!I12))*1000 -> 19585220 | D18: =IF('Sheet 48'!I12 = ":", C18/B18, 'Sheet 48'!I12) -> 3.1625638
A19: Sunflower seed | B19: =(IF('Sheet 49'!I12 = ":", SUM('Sheet 49'!I14:I40), 'Sheet 49'!I12))*1000 -> 4687590 | C19: =(IF('Sheet 50'!I12 = ":", SUM('Sheet 50'!I14:I40), 'Sheet 50'!I12))*1000 -> 9829250 | D19: =IF('Sheet 51'!I12 = ":", C19/B19, 'Sheet 51'!I12) -> 2.0968664
A20: Soya | B20: =(IF('Sheet 52'!I12 = ":", SUM('Sheet 52'!I14:I40), 'Sheet 52'!I12))*1000 -> 985130 | C20: =(IF('Sheet 53'!I12 = ":", SUM('Sheet 53'!I14:I40), 'Sheet 53'!I12))*1000 -> 2862230 | D20: =IF('Sheet 54'!I12 = ":", C20/B20, 'Sheet 54'!I12) -> 2.9054338
A21: Linseed (oil flax) | B21: =(IF('Sheet 55'!I12 = ":", SUM('Sheet 55'!I14:I40), 'Sheet 55'!I12))*1000 -> 49450 | C21: =(IF('Sheet 56'!I12 = ":", SUM('Sheet 56'!I14:I40), 'Sheet 56'!I12))*1000 -> 84360 | D21: =IF('Sheet 57'!I12 = ":", C21/B21, 'Sheet 57'!I12) -> 1.7059656
A22: Temporary grasses and grazings | B22: =(IF('Sheet 61'!I12 = ":", SUM('Sheet 61'!I14:I40), 'Sheet 61'!I12))*1000 -> 7198620 | C22: =(IF('Sheet 62'!I12 = ":", SUM('Sheet 62'!I14:I40), 'Sheet 62'!I12))*1000 -> 1.161565e+08 | D22: =IF('Sheet 63'!I12 = ":", C22/B22, 'Sheet 63'!I12) -> 16.13594
A23: Leguminous plants harvested green | B23: =(IF('Sheet 64'!I12 = ":", SUM('Sheet 64'!I14:I40), 'Sheet 64'!I12))*1000 -> 4503120 | C23: =(IF('Sheet 65'!I12 = ":", SUM('Sheet 65'!I14:I40), 'Sheet 65'!I12))*1000 -> 77464040 | D23: =IF('Sheet 66'!I12 = ":", C23/B23, 'Sheet 66'!I12) -> 17.202304
A24: Other leguminous plants harvested green n.e.c. (clover etc.) | B24: =(IF('Sheet 67'!I12 = ":", SUM('Sheet 67'!I14:I40), 'Sheet 67'!I12))*1000 -> 1598890 | C24: =(IF('Sheet 68'!I12 = ":", SUM('Sheet 68'!I14:I40), 'Sheet 68'!I12))*1000 -> 19096070 | D24: =IF('Sheet 69'!I12 = ":", C24/B24, 'Sheet 69'!I12) -> 11.943329
A25: Green maize | B25: =(IF('Sheet 76'!I12 = ":", SUM('Sheet 76'!I14:I40), 'Sheet 76'!I12))*1000 -> 5766630 | C25: =(IF('Sheet 77'!I12 = ":", SUM('Sheet 77'!I14:I40), 'Sheet 77'!I12))*1000 -> 241967510 | D25: =IF('Sheet 78'!I12 = ":", C25/B25, 'Sheet 78'!I12) -> 41.959951

Sheet Sheet 1
A1: Data extracted on 26/09/2025 16:39:19 from [ESTAT]
A2: Dataset: | B2: Crop production in EU standard humidity [apro_cpsh1__custom_18188015]
A3: Last updated: | B3: 17/09/2025 23:00
A5: Time frequency | C5: Annual
A6: Crops | C6: Cereals for the production of grain (including seed)
A7: Structure of production | C7: Area (cultivation/harvested/production) (1000 ha)
A9: TIME | B9: 2016 | C9: 2017 | D9: 2018 | E9: 2019 | F9: 2020 | G9: 2021 | H9: 2022 | I9: 2023 | J9: 2024 | K9: 2025
A10: GEO (Labels)
A11: European Union (EU6-1958, EU9-1973, EU10-1981, EU12-1986, EU15-1995, EU25-2004, EU27-2007, EU28-2013, EU27-2020) | B11: 57220.53 | C11: 55620.91 | D11: 55437.02 | E11: 56870.56 | F11: 52253.08 | G11: 52536.64 | H11: 51474.53 | I11: 50965.83 | J11: 49416.34 | K11: :
A12: European Union - 27 countries (from 2020) | B12: 54092.53 | C12: 52439.91 | D12: 52331.22 | E12: 53659.7 | F12: 52253.08 | G12: 52536.64 | H12: 51474.53 | I12: 50965.83 | J12: 49416.34 | K12: :
A13: European Union - 28 countries (2013-2020) | B13: 57220.53 | C13: 55620.91 | D13: 55437.02 | E13: 56870.56 | F13: : | G13: : | H13: : | I13: : | J13: : | K13: :
A14: Belgium | B14: 337.01 | C14: 305.44 | D14: 304.52 | E14: 313.11 | F14: 304.34 | G14: 310.2 | H14: 323.07 | I14: 324.66 | J14: 281.94 | K14: :
A15: Bulgaria | B15: 1816.64 | C15: 1729.27 | D15: 1817.78 | E15: 1927.57 | F15: 1966.04 | G15: 1956.33 | H15: 1900.65 | I15: 1980.46 | J15: 1968.19 | K15: :
A16: Czechia | B16: 1359.01 | C16: 1354.68 | D16: 1338.78 | E16: 1352.53 | F16: 1344.88 | G16: 1345.84 | H16: 1386.01 | I16: 1317.2 | J16: 1307.64 | K16: :
A17: Denmark | B17: 1464.8 | C17: 1442.7 | D17: 1416.3 | E17: 1373.7 | F17: 1367 | G17: 1359.7 | H17: 1307.1 | I17: 1234.6 | J17: 1229.65 | K17: :
A18: Germany | B18: 6325 | C18: 6276.2 | D18: 6148.9 | E18: 6380 | F18: 6074.9 | G18: 6063.5 | H18: 6112.5 | I18: 6076.2 | J18: 5757.9 | K18: :
A19: Estonia | B19: 351.4 | C19: 330.68 | D19: 350.43 | E19: 364.36 | F19: 370.12 | G19: 367.12 | H19: 361.82 | I19: 352.15 | J19: 349.19 | K19: :
A20: Ireland | B20: 280.34 | C20: 271.68 | D20: 260.97 | E20: 266.66 | F20: 265.63 | G20: 274.66 | H20: 285.66 | I20: 269.36 | J20: 259.18 | K20: :
A21: Greece | B21: 987.95 | C21: 839.17 | D21: 787.98 | E21: 728.14 | F21: 739.88 | G21: 770.9 | H21: 773.27 | I21: 822.26 | J21: 586.08 | K21: :
A22: Spain | B22: 6239.8 | C22: 6015.23 | D22: 6027.61 | E22: 5975.71 | F22: 6069.24 | G22: 6034.58 | H22: 5832.99 | I22: 5444.5 | J22: 5469.78 | K22: :
A23: France | B23: 9529.98 | C23: 9339.87 | D23: 9055.31 | E23: 9394.03 | F23: 8926.69 | G23: 9325.7 | H23: 9005.01 | I23: 8831.54 | J23: 8537.45 | K23: :
A24: Croatia | B24: 528.47 | C24: 461.48 | D24: 459.7 | E24: 490.88 | F24: 535.76 | G24: 519.78 | H24: 519.28 | I24: 539.59 | J24: 495.7 | K24: :
A25: Italy | B25: 3256.99 | C25: 3140.58 | D25: 3092.69 | E25: 3066.52 | F25: 3011.73 | G25: 2978.39 | H25: 3010.64 | I25: 3054.29 | J25: 2837.5 | K25: :
... A41: Iceland | B41: 2 | C41: 2 | D41: 1.5 | E41: 2 | F41: 2.8 | G41: 2.6 | H41: 3.16 | I41: 2.95 | J41: 2.7 | K41: :
A42: Norway | B42: 285.05 | C42: 286.79 | D42: 279.98 | E42: 275.55 | F42: 280.22 | G42: 283.5 | H42: 280.61 | I42: 283.88 | J42: : | K42: :
A43: Switzerland | B43: 144.1 | C43: 143.32 | D43: 141.73 | E43: 141.45 | F43: 144.54 | G43: 141.68 | H43: 141.84 | I43: 141.48 | J43: 136.28 | K43: :
A44: United Kingdom | B44: 3128 | C44: 3181 | D44: 3105.8 | E44: 3210.86 | F44: 3093.38 | G44: : | H44: : | I44: : | J44: : | K44: :
A45: Bosnia and Herzegovina | B45: 313.59 | C45: 313.98 | D45: 317.78 | E45: 311.24 | F45: 321.32 | G45: 317.64 | H45: 199.28 | I45: 198.28 | J45: : | K45: :
A46: Montenegro | B46: 2.37 | C46: 2.42 | D46: 2.45 | E46: 2.43 | F46: 2.3 | G46: 2.28 | H46: 2.3 | I46: 2.31 | J46: : | K46: :
A47: North Macedonia | B47: 167.68 | C47: 160.78 | D47: 162.36 | E47: 160.22 | F47: 159.45 | G47: 161.47 | H47: 159.03 | I47: 156.15 | J47: 152.07 | K47: :
A48: Albania | B48: 148 | C48: : | D48: 140.1 | E48: 132.2 | F48: 131.26 | G48: 134.3 | H48: 132.8 | I48: 135.7 | J48: 126.13 | K48: :
A49: Serbia | B49: 1758 | C49: 1709.9 | D49: 1712.98 | E49: 1698.99 | F49: 1740.46 | G49: 1770.19 | H49: 1724.73 | I49: 1766.06 | J49: 1674.38 | K49: :
A50: Türkiye | B50: 11465 | C50: 11108 | D50: 10899 | E50: 10773 | F50: 11144 | G50: 11136 | H50: 11198 | I50: 11523 | J50: 11544 | K50: :
A51: Kosovo* | B51: 134.6 | C51: 120.7 | D51: 123.9 | E51: 124.2 | F51: 124.71 | G51: 124.48 | H51: 124.62 | I51: 124.68 | J51: : | K51: :
A53: Special value
A54: : | B54: not available

Sheet Sheet 2
A1: Data extracted on 26/09/2025 16:39:19 from [ESTAT]
A2: Dataset: | B2: Crop production in EU standard humidity [apro_cpsh1__custom_18188015]
A3: Last updated: | B3: 17/09/2025 23:00
A5: Time frequency | C5: Annual
A6: Crops | C6: Cereals for the production of grain (including seed)
A7: Structure of production | C7: Harvested production in EU standard humidity (1000 t)
A9: TIME | B9: 2016 | C9: 2017 | D9: 2018 | E9: 2019 | F9: 2020 | G9: 2021 | H9: 2022 | I9: 2023 | J9: 2024 | K9: 2025
A10: GEO (Labels)
A11: European Union (EU6-1958, EU9-1973, EU10-1981, EU12-1986, EU15-1995, EU25-2004, EU27-2007, EU28-2013, EU27-2020) | B11: 301811.62 | C11: 309993.16 | D11: 294878.81 | E11: 324584.04 | F11: 285670.97 | G11: 297654.87 | H11: 270844.14 | I11: 271644.81 | J11: : | K11: :
A12: European Union - 27 countries (from 2020) | B12: 280101.04 | C12: 287259.62 | D12: 274038.99 | E12: 299364.18 | F12: 285670.97 | G12: 297654.87 | H12: 270844.14 | I12: 271644.81 | J12: : | K12: :
A13: European Union - 28 countries (2013-2020) | B13: 301811.62 | C13: 309993.16 | D13: 294878.81 | E13: 324584.04 | F13: : | G13: : | H13: : | I13: : | J13: : | K13: :
A14: Belgium | B14: 2228.79 | C14: 2642.25 | D14: 2431.04 | E14: 2816.04 | F14: 2565.7 | G14: 2452.66 | H14: 2780.16 | I14: 2755.95 | J14: 2039.71 | K14: :
A15: Bulgaria | B15: 8945.12 | C15: 9737.28 | D15: 10110.55 | E15: 11131.81 | F15: 8599.06 | G15: 11639.98 | H15: 9791.43 | I15: 10346.39 | J15: 10094.53 | K15: :
A16: Czechia | B16: 8596.41 | C16: 7456.78 | D16: 6970.92 | E16: 7646.15 | F16: 8126.66 | G16: 8227.11 | H16: 8218.42 | I16: 7995.52 | J16: 7520.79 | K16: :
A17: Denmark | B17: 9024.03 | C17: 9882.96 | D17: 6923.84 | E17: 9517.92 | F17: 9467.62 | G17: 8640.05 | H17: 9464.06 | I17: 7002.02 | J17: 7496.36 | K17: :
A18: Germany | B18: 45401 | C18: 45593.2 | D18: 37974.8 | E18: 44329.3 | F18: 43301.2 | G18: 42397.6 | H18: 43520.8 | I18: 42507.7 | J18: 39052.4 | K18: :
A19: Estonia | B19: 934.1 | C19: 1311.9 | D19: 919.83 | E19: 1624.58 | F19: 1632.79 | G19: 1285.75 | H19: 1528.55 | I19: 1200.67 | J19: 1303.53 | K19: :
A20: Ireland | B20: 2184.32 | C20: 2259.53 | D20: 1784.91 | E20: 2268 | F20: 1892.63 | G20: 2363.97 | H20: 2485.69 | I20: 1902.27 | J20: 1884.61 | K20: :
A21: Greece | B21: 3983.13 | C21: 3015.72 | D21: 2996.56 | E21: 2946.78 | F21: 3108.73 | G21: 3236.56 | H21: 3205.86 | I21: 3406.25 | J21: 2383.29 | K21: :
A22: Spain | B22: 24955.45 | C22: 17188.44 | D22: 25358.14 | E22: 20598.15 | F22: 27329.48 | G22: 25517.6 | H22: 19296.3 | I22: 11932.16 | J22: 21261.96 | K22: :
A23: France | B23: 53560.42 | C23: 67728.63 | D23: 61840.31 | E23: 70379.86 | F23: 57086.04 | G23: 66877.88 | H23: 59928.23 | I23: 64241.6 | J23: 53621.45 | K23: :
A24: Croatia | B24: 3554.43 | C24: 2678.79 | D24: 3268.48 | E24: 3540.05 | F24: 3774.57 | G24: 3671.23 | H24: 3042.9 | I24: 3214.16 | J24: 3320.37 | K24: :
A25: Italy | B25: 18363.1 | C25: 16554.95 | D25: 16615.46 | E25: 16433.5 | F25: 17022.9 | G25: 16632.66 | H25: 14337.92 | I25: 15505.27 | J25: : | K25: :
A26: Cyprus | B26: 10.42 | C26: 36.45 | D26: 24.71 | E26: 59.03 | F26: 60.96 | G26: 52.49 | H26: 55.84 | I26: 48.53 | J26: 45.42 | K26: :
A27: Latvia | B27: 2703.2 | C27: 2692.5 | D27: 2057.3 | E27: 3163.2 | F27: 3497.1 | G27: 2994.6 | H27: 3243.7 | I27: 2715.9 | J27: 3152.4 | K27: :
A28: Lithuania | B28: 5120.82 | C28: 5074.19 | D28: 3999.5 | E28: 5207.89 | F28: 6544.69 | G28: 5340.82 | H28: 5623.66 | I28: 5629.74 | J28: 5707.7 | K28: :
A29: Luxembourg | B29: 139.43 | C29: 149.81 | D29: 157.65 | E29: 163.56 | F29: 146.17 | G29: 147.17 | H29: 170.66 | I29: 148 | J29: 140.77 | K29: :
A30: Hungary | B30: 16594.35 | C30: 13979.39 | D30: 14890.26 | E30: 15643.37 | F30: 15561.08 | G30: 13969.54 | H30: 9055.71 | I30: 15041.14 | J30: 12788.41 | K30: :
A31: Malta | B31: 0 | C31: 0 | D31: 0 | E31: 0 | F31: 0 | G31: 0 | H31: 0 | I31: 0 | J31: 0 | K31: :
A32: Netherlands | B32: 1344.3 | C32: 1370.62 | D32: 1315.25 | E32: 1541.91 | F32: 1364.38 | G32: 1336.32 | H32: 1647.13 | I32: 1497.31 | J32: 1039.52 | K32: :
A33: Austria | B33: 5671.46 | C33: 4847.27 | D33: 4785.62 | E33: 5398.03 | F33: 5648.26 | G33: 5318.08 | H33: 5206.57 | I33: 5235.05 | J33: 4880.42 | K33: :
A34: Poland | B34: 29293.87 | C34: 31331.01 | D34: 26281.55 | E34: 28450.92 | F34: 35031.3 | G34: 33996.28 | H34: 34987.75 | I34: 35183.86 | J34: 34345.78 | K34: :
A35: Portugal | B35: 1152.27 | C35: 1137.5 | D35: 1116.32 | E35: 1163.02 | F35: 1055.08 | G35: 1127.7 | H35: 1019.9 | I35: 1044.51 | J35: 1001.38 | K35: :
A36: Romania | B36: 21764.82 | C36: 27138.88 | D36: 31553.28 | E36: 30412.43 | F36: 18153.71 | G36: 27791.26 | H36: 18860.68 | I36: 20784.66 | J36: 19855.25 | K36: :
A37: Slovenia | B37: 638.06 | C37: 546.99 | D37: 596.66 | E37: 641.74 | F37: 749.69 | G37: 700.55 | H37: 576.19 | I37: 666.89 | J37: 672.22 | K37: :
... A41: Iceland | B41: 6 | C41: 8 | D41: 3.95 | E41: 4.94 | F41: 7.22 | G41: 7.41 | H41: 9.29 | I41: 7.61 | J41: 4.15 | K41: :
A42: Norway | B42: 1310.58 | C42: 1292.08 | D42: 734.4 | E42: 1281.37 | F42: 1311 | G42: 1170.88 | H42: 1309.59 | I42: 775.87 | J42: : | K42: :
A43: Switzerland | B43: 752.06 | C43: 986.72 | D43: 891.58 | E43: 942.73 | F43: 1021.3 | G43: 791.47 | H43: 863.86 | I43: 807.87 | J43: 629.61 | K43: :
A44: United Kingdom | B44: 21710.58 | C44: 22733.55 | D44: 20839.83 | E44: 25219.86 | F44: 19469.45 | G44: : | H44: : | I44: : | J44: : | K44: :
A45: Bosnia and Herzegovina | B45: 1677.52 | C45: 1176.89 | D45: 1764.1 | E45: 1685.56 | F45: 1966.78 | G45: 1425.13 | H45: 1173.65 | I45: 1109.99 | J45: : | K45: :
A46: Montenegro | B46: 7.69 | C46: 7.87 | D46: 8.02 | E46: 7.58 | F46: 7.28 | G46: 7.1 | H46: 7.2 | I46: 7.69 | J46: : | K46: :
A47: North Macedonia | B47: 648.36 | C47: 452.91 | D47: 605.26 | E47: 569.6 | F47: 585.5 | G47: 568.88 | H47: 548.4 | I47: 528.98 | J47: 538.25 | K47: :
A48: Albania | B48: 698.4 | C48: : | D48: 678.2 | E48: 666.1 | F48: 684 | G48: 691.4 | H48: 690.9 | I48: 701.3 | J48: 649.92 | K48: :
A49: Serbia | B49: 10868 | C49: 6793.3 | D49: 10529.06 | E49: 10436.43 | F49: 11447.57 | G49: 10236.39 | H49: 8012.86 | I49: 10809.34 | J49: 8687.11 | K49: :
A50: Türkiye | B50: 35724.93 | C50: 36598.79 | D50: 34705.75 | E50: 35202.05 | F50: 38050.79 | G50: 32601.95 | H50: 39562.14 | I50: 43176.28 | J50: 39922.33 | K50: :
A51: Kosovo* | B51: 562.9 | C51: 477.9 | D51: 441.8 | E51: 459.4 | F51: 529.11 | G51: 504.37 | H51: 518.72 | I51: 477.15 | J51: : | K51: :
A53: Special value
A54: : | B54: not available

Sheet Sheet 3
A1: Data extracted on 26/09/2025 16:39:19 from [ESTAT]
A2: Dataset: | B2: Crop production in EU standard humidity [apro_cpsh1__custom_18188015]
A3: Last updated: | B3: 17/09/2025 23:00
A5: Time frequency | C5: Annual
A6: Crops | C6: Cereals for the production of grain (including seed)
A7: Structure of production | C7: Yield in EU standard humidity (tonne/ha)
A9: TIME | B9: 2016 | C9: 2017 | D9: 2018 | E9: 2019 | F9: 2020 | G9: 2021 | H9: 2022 | I9: 2023 | J9: 2024 | K9: 2025
A10: GEO (Labels)
A11: European Union (EU6-1958, EU9-1973, EU10-1981, EU12-1986, EU15-1995, EU25-2004, EU27-2007, EU28-2013, EU27-2020) | B11: : | C11: : | D11: : | E11: : | F11: : | G11: : | H11: : | I11: : | J11: : | K11: :
A12: European Union - 27 countries (from 2020) | B12: : | C12: : | D12: : | E12: : | F12: : | G12: : | H12: : | I12: : | J12: : | K12: :
A13: European Union - 28 countries (2013-2020) | B13: : | C13: : | D13: : | E13: : | F13: : | G13: : | H13: : | I13: : | J13: : | K13: :
A14: Belgium | B14: : | C14: : | D14: : | E14: : | F14: : | G14: : | H14: : | I14: : | J14: : | K14: :
A15: Bulgaria | B15: : | C15: : | D15: : | E15: : | F15: : | G15: : | H15: : | I15: : | J15: : | K15: :
A16: Czechia | B16: : | C16: : | D16: : | E16: : | F16: : | G16: : | H16: : | I16: : | J16: : | K16: :
A17: Denmark | B17: : | C17: : | D17: : | E17: : | F17: : | G17: : | H17: : | I17: : | J17: : | K17: :
A18: Germany | B18: : | C18: : | D18: : | E18: : | F18: : | G18: : | H18: : | I18: : | J18: : | K18: :
A19: Estonia | B19: : | C19: : | D19: : | E19: : | F19: : | G19: : | H19: : | I19: : | J19: : | K19: :
A20: Ireland | B20: : | C20: : | D20: : | E20: : | F20: : | G20: : | H20: : | I20: : | J20: : | K20: :
A21: Greece | B21: : | C21: : | D21: : | E21: : | F21: : | G21: : | H21: : | I21: : | J21: : | K21: :
A22: Spain | B22: : | C22: : | D22: : | E22: : | F22: : | G22: : | H22: : | I22: : | J22: : | K22: :
... A51: Kosovo* | B51: : | C51: : | D51: : | E51: : | F51: : | G51: : | H51: : | I51: : | J51: : | K51: :
A53: Special value
A54: : | B54: not available

Sheet Sheet 4
A1: Data extracted on 26/09/2025 16:39:19 from [ESTAT]
A2: Dataset: | B2: Crop production in EU standard humidity [apro_cpsh1__custom_18188015]
A3: Last updated: | B3: 17/09/2025 23:00
A5: Time frequency | C5: Annual
A6: Crops | C6: Cereals (excluding rice) for the production of grain (including seed)
A7: Structure of production | C7: Area (cultivation/harvested/production) (1000 ha)
A9: TIME | B9: 2016 | C9: 2017 | D9: 2018 | E9: 2019 | F9: 2020 | G9: 2021 | H9: 2022 | I9: 2023 | J9: 2024 | K9: 2025
A10: GEO (Labels)
A11: European Union (EU6-1958, EU9-1973, EU10-1981, EU12-1986, EU15-1995, EU25-2004, EU27-2007, EU28-2013, EU27-2020) | B11: 56754.8 | C11: 55179.81 | D11: 55019.64 | E11: 56451.43 | F11: 51826.04 | G11: 52128.31 | H11: 51115.93 | I11: 50616.79 | J11: 49021.3 | K11: :
A12: European Union - 27 countries (from 2020) | B12: 53626.8 | C12: 51998.41 | D12: 51913.84 | E12: 53240.57 | F12: 51826.04 | G12: 52128.31 | H12: 51115.93 | I12: 50616.79 | J12: 49021.3 | K12: :
A13: European Union - 28 countries (2013-2020) | B13: 56754.8 | C13: 55179.81 | D13: 55019.64 | E13: 56451.43 | F13: : | G13: : | H13: : | I13: : | J13: : | K13: :
A14: Belgium | B14: 337.02 | C14: 305.43 | D14: 304.52 | E14: 313.11 | F14: 304.34 | G14: 310.2 | H14: 323.07 | I14: 324.66 | J14: 281.94 | K14: :
A15: Bulgaria | B15: 1804.65 | C15: 1718.83 | D15: 1806.78 | E15: 1915.74 | F15: 1953.69 | G15: 1944.28 | H15: 1890.08 | I15: 1969.25 | J15: 1956.03 | K15: :
A16: Czechia | B16: 1359.01 | C16: 1354.68 | D16: 1338.78 | E16: 1352.53 | F16: 1344.88 | G16: 1345.84 | H16: 1386.01 | I16: 1317.2 | J16: 1307.64 | K16: :
A17: Denmark | B17: 1464.8 | C17: 1442.8 | D17: 1416.29 | E17: 1373.66 | F17: 1366.92 | G17: 1359.58 | H17: 1306.95 | I17: 1234.53 | J17: 1229.65 | K17: :
A18: Germany | B18: 6325 | C18: 6276.2 | D18: 6148.9 | E18: 6380 | F18: 6074.9 | G18: 6063.5 | H18: 6112.5 | I18: 6076.2 | J18: 5757.9 | K18: :
A19: Estonia | B19: 351.4 | C19: 330.68 | D19: 350.43 | E19: 364.36 | F19: 370.12 | G19: 367.12 | H19: 361.82 | I19: 352.15 | J19: 349.19 | K19: :
A20: Ireland | B20: 280.34 | C20: 271.68 | D20: 260.97 | E20: 266.66 | F20: 265.63 | G20: 274.66 | H20: 285.66 | I20: 269.36 | J20: 259.18 | K20: :
A21: Greece | B21: 952.81 | C21: 808.22 | D21: 757.63 | E21: 698.29 | F21: 703.79 | G21: 736.01 | H21: 744.49 | I21: 794.67 | J21: 558.34 | K21: :
A22: Spain | B22: 6130.53 | C22: 5907.63 | D22: 5922.6 | E22: 5872.34 | F22: 5967.17 | G22: 5949.9 | H22: 5776.95 | I22: 5389.38 | J22: 5388.16 | K22: :
A23: France | B23: 9513.27 | C23: 9323.15 | D23: 9042.03 | E23: 9378.93 | F23: 8912.36 | G23: 9313.68 | H23: 8993.25 | I23: 8819.42 | J23: 8523.96 | K23: :
A24: Croatia | B24: 508.66 | C24: 461.48 | D24: 459.7 | E24: 490.88 | F24: 535.76 | G24: 519.78 | H24: 519.28 | I24: 539.59 | J24: 495.7 | K24: :
A25: Italy | B25: 3022.86 | C25: 2906.45 | D25: 2875.5 | E25: 2846.49 | F25: 2784.41 | G25: 2751.36 | H25: 2792.21 | I25: 2844.05 | J25: 2611.37 | K25: :
... A41: Iceland | B41: 2 | C41: 2 | D41: 1.5 | E41: 2 | F41: 2.8 | G41: 2.6 | H41: 3.16 | I41: 2.95 | J41: 2.7 | K41: :
A42: Norway | B42: 285.1 | C42: 286.79 | D42: 279.98 | E42: 275.55 | F42: 280.22 | G42: 283.5 | H42: 280.61 | I42: 283.88 | J42: : | K42: :
A43: Switzerland | B43: 144.02 | C43: 143.25 | D43: 141.64 | E43: 141.36 | F43: 144.45 | G43: 141.62 | H43: 141.77 | I43: 141.3 | J43: 136.22 | K43: :
A44: United Kingdom | B44: 3128 | C44: 3181.4 | D44: 3105.8 | E44: 3210.86 | F44: 3093.38 | G44: : | H44: : | I44: : | J44: : | K44: :
A45: Bosnia and Herzegovina | B45: 313.59 | C45: 313.98 | D45: 317.78 | E45: 311.24 | F45: 321.32 | G45: 317.64 | H45: 199.28 | I45: 198.28 | J45: : | K45: :
A46: Montenegro | B46: 2.37 | C46: 2.42 | D46: 2.45 | E46: 2.43 | F46: 2.3 | G46: 2.28 | H46: 2.3 | I46: 2.31 | J46: : | K46: :
A47: North Macedonia | B47: 162.64 | C47: 157.5 | D47: 159.14 | E47: 156.74 | F47: 156.27 | G47: 158.36 | H47: 155.92 | I47: 152.99 | J47: 148.95 | K47: :
A48: Albania | B48: 148 | C48: 145.8 | D48: 140.1 | E48: 132.2 | F48: : | G48: : | H48: : | I48: : | J48: : | K48: :
A49: Serbia | B49: 1758 | C49: 1709.9 | D49: 1712.9 | E49: 1698.99 | F49: 1740.46 | G49: 1770.19 | H49: 1724.74 | I49: 1766.06 | J49: 1674.38 | K49: :
A50: Türkiye | B50: 11349 | C50: 10998 | D50: 10779 | E50: 10647 | F50: 11019 | G50: 11008 | H50: 11080 | I50: 11412 | J50: 11416 | K50: :
A51: Kosovo* | B51: 134.6 | C51: 120.7 | D51: 123.9 | E51: 124.2 | F51: : | G51: 124.48 | H51: 124.62 | I51: 124.68 | J51: : | K51: :
A53: Special value
A54: : | B54: not available

Sheet Sheet 5
A1: Data extracted on 26/09/2025 16:39:19 from [ESTAT]
A2: Dataset: | B2: Crop production in EU standard humidity [apro_cpsh1__custom_18188015]
A3: Last updated: | B3: 17/09/2025 23:00
A5: Time frequency | C5: Annual
A6: Crops | C6: Cereals (excluding rice) for the production of grain (including seed)
A7: Structure of production | C7: Harvested production in EU standard humidity (1000 t)
A9: TIME | B9: 2016 | C9: 2017 | D9: 2018 | E9: 2019 | F9: 2020 | G9: 2021 | H9: 2022 | I9: 2023 | J9: 2024 | K9: 2025
A10: GEO (Labels)
A11: European Union (EU6-1958, EU9-1973, EU10-1981, EU12-1986, EU15-1995, EU25-2004, EU27-2007, EU28-2013, EU27-2020) | B11: 298938.9 | C11: 306965.07 | D11: 291990.94 | E11: 321678.38 | F11: 282779.14 | G11: 294937.89 | H11: 268699.11 | I11: 269370.58 | J11: 257011.04 | K11: :
A12: European Union - 27 countries (from 2020) | B12: 277228.32 | C12: 284231.53 | D12: 271151.11 | E12: 296458.54 | F12: 282779.14 | G12: 294937.89 | H12: 268699.11 | I12: 269370.58 | J12: 257011.04 | K12: :
A13: European Union - 28 countries (2013-2020) | B13: 298938.9 | C13: 306965.07 | D13: 291990.94 | E13: 321678.38 | F13: : | G13: : | H13: : | I13: : | J13: : | K13: :
A14: Belgium | B14: 2228.79 | C14: 2642.24 | D14: 2431.04 | E14: 2816.04 | F14: 2565.69 | G14: 2452.66 | H14: 2780.16 | I14: 2755.94 | J14: 2039.71 | K14: :
A15: Bulgaria | B15: 8881.85 | C15: 9676.98 | D15: 10049.13 | E15: 11060.07 | F15: 8532.49 | G15: 11581.18 | H15: 9726.36 | I15: 10281.49 | J15: 10027.92 | K15: :
A16: Czechia | B16: 8596.41 | C16: 7456.78 | D16: 6970.92 | E16: 7646.15 | F16: 8126.66 | G16: 8227.11 | H16: 8218.42 | I16: 7995.52 | J16: 7520.79 | K16: :
A17: Denmark | B17: 9024.05 | C17: 9882.96 | D17: 6923.9 | E17: 9517.81 | F17: 9467.71 | G17: 8640.06 | H17: 9464.18 | I17: 7001.95 | J17: 7496.36 | K17: :
A18: Germany | B18: 45401 | C18: 45593.2 | D18: 37974.8 | E18: 44329.3 | F18: 43301.2 | G18: 42397.6 | H18: 43520.8 | I18: 42507.7 | J18: 39052.4 | K18: :
A19: Estonia | B19: 934.1 | C19: 1311.9 | D19: 919.83 | E19: 1624.58 | F19: 1632.79 | G19: 1285.75 | H19: 1528.55 | I19: 1200.67 | J19: 1303.53 | K19: :
A20: Ireland | B20: 2184.32 | C20: 2259.53 | D20: 1784.91 | E20: 2268 | F20: 1892.63 | G20: 2363.97 | H20: 2485.69 | I20: 1902.27 | J20: 1884.61 | K20: :
A21: Greece | B21: 3803.79 | C21: 2836.25 | D21: 2771.28 | E21: 2723.28 | F21: 2817.97 | G21: 2988.36 | H21: 2988.62 | I21: 3213.6 | J21: 2256.74 | K21: :
A22: Spain | B22: 24120.16 | C22: 16353.2 | D22: 24549.99 | E22: 19810.23 | F22: 26581.85 | G22: 24893.34 | H22: 18941.81 | I22: 11594.18 | J22: 20699.66 | K22: :
A23: France | B23: 53481.05 | C23: 67637.16 | D23: 61768.05 | E23: 70296.33 | F23: 57009.71 | G23: 66785.16 | H23: 59863 | I23: 64172.54 | J23: 53548.63 | K23: :
A24: Croatia | B24: 3472.83 | C24: 2678.79 | D24: 3268.48 | E24: 3540.05 | F24: 3774.57 | G24: 3671.23 | H24: 3042.9 | I24: 3214.16 | J24: 3320.37 | K24: :
A25: Italy | B25: 17057.16 | C25: 14928.71 | D25: 15114.05 | E25: 14909.02 | F25: 15483.29 | G25: 15142.27 | H25: 13079.29 | I25: 14097.25 | J25: 12711.09 | K25: :
... A41: Iceland | B41: 6 | C41: 8 | D41: 4 | E41: 5 | F41: 7.22 | G41: 7.41 | H41: 9.29 | I41: 7.61 | J41: 4.15 | K41: :
A42: Norway | B42: : | C42: 1292.08 | D42: 734.39 | E42: 1281.33 | F42: 1311 | G42: 1170.88 | H42: 1309.59 | I42: 775.87 | J42: : | K42: :
A43: Switzerland | B43: 751.65 | C43: 986.35 | D43: 891.15 | E43: 942.29 | F43: 1020.85 | G43: 791.23 | H43: 863.61 | I43: 807.58 | J43: 629.37 | K43: :
A44: United Kingdom | B44: 21710.58 | C44: 22733.55 | D44: 20839.83 | E44: 25219.85 | F44: 19469.45 | G44: : | H44: : | I44: : | J44: : | K44: :
A45: Bosnia and Herzegovina | B45: 1677.52 | C45: 1176.89 | D45: 1764.1 | E45: 1685.56 | F45: 1966.78 | G45: 1425.13 | H45: 1173.65 | I45: 1109.99 | J45: : | K45: :
A46: Montenegro | B46: 7.69 | C46: 7.87 | D46: 8.02 | E46: 7.58 | F46: 7.28 | G46: 7.1 | H46: 7.2 | I46: 7.69 | J46: : | K46: :
A47: North Macedonia | B47: 623.28 | C47: 435.64 | D47: 585.3 | E47: 548.07 | F47: 565.75 | G47: 549.69 | H47: 529.2 | I47: 508.75 | J47: 519.43 | K47: :
A48: Albania | B48: 698.4 | C48: : | D48: 678.2 | E48: 666.1 | F48: : | G48: 691.4 | H48: : | I48: : | J48: : | K48: :
A49: Serbia | B49: 10868 | C49: 6793.3 | D49: 10528.98 | E49: 10436.43 | F49: 11447.57 | G49: 10236.39 | H49: 8012.86 | I49: 10809.34 | J49: 8687.11 | K49: :
A50: Türkiye | B50: 35160.09 | C50: 36052.37 | D50: 34130.6 | E50: 34177.77 | F50: 37046.98 | G50: 31579.72 | H50: 38591.07 | I50: 42254.33 | J50: 38878.6 | K50: :
A51: Kosovo* | B51: 562.9 | C51: 477.9 | D51: 441.8 | E51: 459.4 | F51: : | G51: 504.37 | H51: 518.72 | I51: 477.15 | J51: : | K51: :
A53: Special value
A54: : | B54: not available

Sheet Sheet 6
A1: Data extracted on 26/09/2025 16:39:19 from [ESTAT]
A2: Dataset: | B2: Crop production in EU standard humidity [apro_cpsh1__custom_18188015]
A3: Last updated: | B3: 17/09/2025 23:00
A5: Time frequency | C5: Annual
A6: Crops | C6: Cereals (excluding rice) for the production of grain (including seed)
A7: Structure of production | C7: Yield in EU standard humidity (tonne/ha)
A9: TIME | B9: 2016 | C9: 2017 | D9: 2018 | E9: 2019 | F9: 2020 | G9: 2021 | H9: 2022 | I9: 2023 | J9: 2024 | K9: 2025
A10: GEO (Labels)
A11: European Union (EU6-1958, EU9-1973, EU10-1981, EU12-1986, EU15-1995, EU25-2004, EU27-2007, EU28-2013, EU27-2020) | B11: : | C11: : | D11: : | E11: : | F11: : | G11: : | H11: : | I11: : | J11: : | K11: :
A12: European Union - 27 countries (from 2020) | B12: : | C12: : | D12: : | E12: : | F12: : | G12: : | H12: : | I12: : | J12: : | K12: :
A13: European Union - 28 countries (2013-2020) | B13: : | C13: : | D13: : | E13: : | F13: : | G13: : | H13: : | I13: : | J13: : | K13: :
A14: Belgium | B14: : | C14: : | D14: : | E14: : | F14: : | G14: : | H14: : | I14: : | J14: : | K14: :
A15: Bulgaria | B15: : | C15: : | D15: : | E15: : | F15: : | G15: : | H15: : | I15: : | J15: : | K15: :
A16: Czechia | B16: : | C16: : | D16: : | E16: : | F16: : | G16: : | H16: : | I16: : | J16: : | K16: :
A17: Denmark | B17: : | C17: : | D17: : | E17: : | F17: : | G17: : | H17: : | I17: : | J17: : | K17: :
A18: Germany | B18: : | C18: : | D18: : | E18: : | F18: : | G18: : | H18: : | I18: : | J18: : | K18: :
A19: Estonia | B19: : | C19: : | D19: : | E19: : | F19: : | G19: : | H19: : | I19: : | J19: : | K19: :
A20: Ireland | B20: : | C20: : | D20: : | E20: : | F20: : | G20: : | H20: : | I20: : | J20: : | K20: :
A21: Greece | B21: : | C21: : | D21: : | E21: : | F21: : | G21: : | H21: : | I21: : | J21: : | K21: :
A22: Spain | B22: : | C22: : | D22: : | E22: : | F22: : | G22: : | H22: : | I22: : | J22: : | K22: :
... A51: Kosovo* | B51: : | C51: : | D51: : | E51: : | F51: : | G51: : | H51: : | I51: : | J51: : | K51: :
A53: Special value
A54: : | B54: not available

Sheet Sheet 7
A1: Data extracted on 26/09/2025 16:39:19 from [ESTAT]
A2: Dataset: | B2: Crop production in EU standard humidity [apro_cpsh1__custom_18188015]
A3: Last updated: | B3: 17/09/2025 23:00
A5: Time frequency | C5: Annual
A6: Crops | C6: Wheat and spelt
A7: Structure of production | C7: Area (cultivation/harvested/production) (1000 ha)
A9: TIME | B9: 2016 | C9: 2017 | D9: 2018 | E9: 2019 | F9: 2020 | G9: 2021 | H9: 2022 | I9: 2023 | J9: 2024 | K9: 2025
A10: GEO (Labels)
A11: European Union (EU6-1958, EU9-1973, EU10-1981, EU12-1986, EU15-1995, EU25-2004, EU27-2007, EU28-2013, EU27-2020) | B11: 27033.3 | C11: 25930.62 | D11: 25499.36 | E11: 26028.08 | F11: 22775.8 | G11: 24076.38 | H11: 24213.51 | I11: 24232.8 | J11: 22286.18 | K11: :
A12: European Union - 27 countries (from 2020) | B12: 25210.3 | C12: 24138.62 | D12: 23751.66 | E12: 24212.28 | F12: 22775.8 | G12: 24076.38 | H12: 24213.51 | I12: 24232.8 | J12: 22286.18 | K12: :
A13: European Union - 28 countries (2013-2020) | B13: 27033.3 | C13: 25930.62 | D13: 25499.36 | E13: 26028.08 | F13: : | G13: : | H13: : | I13: : | J13: : | K13: :
A14: Belgium | B14: 215.72 | C14: 197.59 | D14: 195.69 | E14: 203.76 | F14: 194.66 | G14: 209.18 | H14: 204.46 | I14: 212.61 | J14: 164.54 | K14: 198.13
A15: Bulgaria | B15: 1192.59 | C15: 1144.52 | D15: 1212.01 | E15: 1198.68 | F15: 1200.18 | G15: 1206.19 | H15: 1206.58 | I15: 1220.91 | J15: 1194.34 | K15: 1266
A16: Czechia | B16: 839.71 | C16: 832.06 | D16: 819.69 | E16: 839.45 | F16: 798.58 | G16: 784.78 | H16: 854.43 | I16: 817.76 | J16: 776.5 | K16: 785.03
A17: Denmark | B17: 583 | C17: 586.6 | D17: 425.8 | E17: 573.4 | F17: 502.6 | G17: 537.7 | H17: 497.3 | I17: 489 | J17: 475.6 | K17: 473.78
A18: Germany | B18: 3201.7 | C18: 3202.6 | D18: 3036.3 | E18: 3118.1 | F18: 2835.5 | G18: 2939 | H18: 2980.9 | I18: 2897.8 | J18: 2615.2 | K18: 2959.1
A19: Estonia | B19: 164.5 | C19: 169.75 | D19: 154.58 | E19: 166.98 | F19: 168.04 | G19: 180 | H19: 180.97 | I19: 173.57 | J19: 173.32 | K19: :
A20: Ireland | B20: 67.92 | C20: 67.05 | D20: 57.98 | E20: 63.48 | F20: 46.99 | G20: 62.33 | H20: 67.23 | I20: 55.78 | J20: 47.8 | K20: 64.09
A21: Greece | B21: 537.59 | C21: 415.95 | D21: 404.49 | E21: 350.49 | F21: 355.88 | G21: 411.01 | H21: 412.49 | I21: 448.46 | J21: 264.08 | K21: 439.79
A22: Spain | B22: 2256.85 | C22: 2062.71 | D22: 2063.68 | E22: 1920.09 | F22: 1914.66 | G22: 2128.47 | H22: 2172.7 | I22: 1957.76 | J22: 1939.02 | K22: 2024.31
A23: France | B23: 5542.25 | C23: 5332.08 | D23: 5234.09 | E23: 5244.25 | F23: 4519.78 | G23: 5276.73 | H23: 4949.84 | I23: 4998.28 | J23: 4457.41 | K23: 4706.03
A24: Croatia | B24: 171.4 | C24: 118.38 | D24: 138.46 | E24: 143.15 | F24: 147.84 | G24: 147.39 | H24: 161.83 | I24: 172.85 | J24: 138 | K24: 152.5
A25: Italy | B25: 1912.42 | C25: 1806.57 | D25: 1821.73 | E25: 1754.64 | F25: 1711.22 | G25: 1726.61 | H25: 1776.73 | I25: 1867.56 | J25: 1697.75 | K25: 1645.34
A26: Cyprus | B26: 8.39 | C26: 8.68 | D26: 10.2 | E26: 10.59 | F26: 12.97 | G26: 12.32 | H26: 13.31 | I26: 14.13 | J26: 12.25 | K26: :
A27: Latvia | B27: 479.1 | C27: 446.8 | D27: 417.2 | E27: 492.7 | F27: 498.2 | G27: 537.3 | H27: 537.5 | I27: 525 | J27: 540 | K27: 545.6
A28: Lithuania | B28: 880.53 | C28: 811.95 | D28: 772.89 | E28: 895.76 | F28: 893.51 | G28: 944.17 | H28: 946.72 | I28: 940.29 | J28: 836.97 | K28: 829.95
A29: Luxembourg | B29: 13.81 | C29: 14.11 | D29: 12.87 | E29: 13.36 | F29: 11.93 | G29: 12.87 | H29: 13.57 | I29: 12.47 | J29: 12.71 | K29: :
A30: Hungary | B30: 1044.31 | C30: 966.4 | D30: 1026.15 | E30: 1015.64 | F30: 936.62 | G30: 892.79 | H30: 979.01 | I30: 1053.12 | J30: 921.89 | K30: 1057.18
A31: Malta | B31: 0 | C31: 0 | D31: 0 | E31: 0 | F31: 0 | G31: 0 | H31: 0 | I31: 0 | J31: 0 | K31: :
A32: Netherlands | B32: 127.33 | C32: 115.92 | D32: 111.66 | E32: 120.55 | F32: 108.91 | G32: 118.14 | H32: 123.8 | I32: 129.54 | J32: 95.85 | K32: 112.71
A33: Austria | B33: 317.76 | C33: 297.28 | D33: 294.29 | E33: 278.34 | F33: 279.02 | G33: 279.86 | H33: 295.51 | I33: 281.98 | J33: 274.23 | K33: 280.92
A34: Poland | B34: 2364.08 | C34: 2391.85 | D34: 2417.23 | E34: 2511.33 | F34: 2391 | G34: 2390.52 | H34: 2518.44 | I34: 2449.33 | J34: 2385.69 | K34: 2423.12
A35: Portugal | B35: 38.2 | C35: 29.02 | D35: 27.03 | E35: 28.53 | F35: 30.14 | G35: 28.66 | H35: 31.05 | I35: 24.74 | J35: 26.51 | K35: 25.88
A36: Romania | B36: 2137.73 | C36: 2052.92 | D36: 2116.15 | E36: 2168.37 | F36: 2155.25 | G36: 2175.08 | H36: 2168.66 | I36: 2317.69 | J36: 2204.1 | K36: 2308.22
A37: Slovenia | B37: 31.46 | C37: 28.02 | D37: 27.82 | E37: 26.73 | F37: 27.29 | G37: 26.79 | H37: 27.56 | I37: 28.71 | J37: 27.98 | K37: :
A38: Slovakia | B38: 417.71 | C38: 373.67 | D38: 403.37 | E38: 406.82 | F38: 387.08 | G38: 356.97 | H38: 411.69 | I38: 406.76 | J38: 314.75 | K38: 380.8
A39: Finland | B39: 215.1 | C39: 194.28 | D39: 177.8 | E39: 197.6 | F39: 198.8 | G39: 212.4 | H39: 219.64 | I39: 229.16 | J39: 214.75 | K39: 227.17
A40: Sweden | B40: 449.15 | C40: 471.87 | D40: 372.5 | E40: 469.49 | F40: 449.17 | G40: 479.13 | H40: 461.57 | I40: 507.53 | J40: 474.94 | K40: 527.6
A41: Iceland | B41: 0 | C41: 0 | D41: 0 | E41: 0 | F41: 0 | G41: 0.1 | H41: 0.06 | I41: 0.05 | J41: 0.05 | K41: :
A42: Norway | B42: 66.8 | C42: 75.75 | D42: : | E42: : | F42: : | G42: : | H42: : | I42: : | J42: : | K42: :
A43: Switzerland | B43: 88.46 | C43: 87.05 | D43: 87.98 | E43: 86.46 | F43: 84.99 | G43: 89.28 | H43: 88.98 | I43: 87 | J43: 84.78 | K43: 77.56
A44: United Kingdom | B44: 1823 | C44: 1792 | D44: 1747.7 | E44: 1815.8 | F44: 1415.13 | G44: : | H44: : | I44: : | J44: : | K44: :
A45: Bosnia and Herzegovina | B45: 71.39 | C45: 69.45 | D45: 73.59 | E45: 68.97 | F45: 69.91 | G45: 66.76 | H45: 46.49 | I45: 57.2 | J45: : | K45: :
A46: Montenegro | B46: 0.75 | C46: 0.77 | D46: 0.77 | E46: 0.77 | F46: 0.74 | G46: 0.72 | H46: 0.76 | I46: 0.76 | J46: : | K46: :
A47: North Macedonia | B47: 79.83 | C47: 72.86 | D47: 70.99 | E47: 68.85 | F47: 69.77 | G47: 70.37 | H47: 70.11 | I47: 69.52 | J47: 67.23 | K47: 65.55
A48: Albania | B48: 70.5 | C48: : | D48: 65.1 | E48: 57.3 | F48: 53.9 | G48: 54.5 | H48: 54.3 | I48: 57.6 | J48: 45.97 | K48: :
A49: Serbia | B49: 595 | C49: 556.1 | D49: 643.1 | E49: 577.5 | F49: 581.13 | G49: 598.74 | H49: 631.09 | I49: 682.25 | J49: 549.03 | K49: 607.08
A50: Türkiye | B50: 7674 | C50: 7672 | D50: 7305 | E50: 6849 | F50: 6922 | G50: 6746 | H50: 6628 | I50: 6831 | J50: 7025 | K50: :
A51: Kosovo* | B51: 89.1 | C51: 80.5 | D51: 81.1 | E51: 80.3 | F51: : | G51: 79.97 | H51: 79.98 | I51: 80.03 | J51: : | K51: :
A53: Special value
A54: : | B54: not available

Sheet Sheet 8
A1: Data extracted on 26/09/2025 16:39:20 from [ESTAT]
A2: Dataset: | B2: Crop production in EU standard humidity [apro_cpsh1__custom_18188015]
A3: Last updated: | B3: 17/09/2025 23:00
A5: Time frequency | C5: Annual
A6: Crops | C6: Wheat and spelt
A7: Structure of production | C7: Harvested production in EU standard humidity (1000 t)
A9: TIME | B9: 2016 | C9: 2017 | D9: 2018 | E9: 2019 | F9: 2020 | G9: 2021 | H9: 2022 | I9: 2023 | J9: 2024 | K9: 2025
A10: GEO (Labels)
A11: European Union (EU6-1958, EU9-1973, EU10-1981, EU12-1986, EU15-1995, EU25-2004, EU27-2007, EU28-2013, EU27-2020) | B11: 144745.44 | C11: 151549.89 | D11: 137908.11 | E11: 155468.03 | F11: 126418.09 | G11: 138180.51 | H11: 134304.18 | I11: 133481.17 | J11: 119943.94 | K11: :
A12: European Union - 27 countries (from 2020) | B12: 130529.68 | C12: 136885.41 | D12: 124510.72 | E12: 139432.18 | F12: 126418.09 | G12: 138180.51 | H12: 134304.18 | I12: 133481.17 | J12: 119943.94 | K12: :
A13: European Union - 28 countries (2013-2020) | B13: 144745.44 | C13: 151549.89 | D13: 137908.11 | E13: 155468.03 | F13: : | G13: : | H13: : | I13: : | J13: : | K13: :
A14: Belgium | B14: 1431.44 | C14: 1690.84 | D14: 1661.86 | E14: 1902.38 | F14: 1741.48 | G14: 1629.18 | H14: 1851.87 | I14: 1791.17 | J14: 1085.38 | K14: 1421.58
A15: Bulgaria | B15: 5942.78 | C15: 6318.08 | D15: 5954.52 | E15: 6319.63 | F15: 4847.94 | G15: 7342.99 | H15: 6447.77 | I15: 6854.76 | J15: 7084.75 | K15: 7573.28
A16: Czechia | B16: 5454.66 | C16: 4718.21 | D16: 4417.84 | E16: 4812.16 | F16: 4902.41 | G16: 4960.93 | H16: 5188.69 | I16: 5262.36 | J16: 4625.37 | K16: 4776.83
A17: Denmark | B17: 4152.65 | C17: 4777.89 | D17: 2623.93 | E17: 4642.09 | F17: 4070.41 | G17: 4047.09 | H17: 4165.4 | I17: 3556.26 | J17: 3348.01 | K17: 4073.47
A18: Germany | B18: 24463.8 | C18: 24481.6 | D18: 20263.5 | E18: 23062.6 | F18: 22172.1 | G18: 21459.2 | H18: 22587.3 | I18: 21535.9 | J18: 18526.7 | K18: 21571
A19: Estonia | B19: 455.5 | C19: 713.26 | D19: 450.27 | E19: 846.58 | F19: 840.52 | G19: 736.27 | H19: 854.12 | I19: 694.12 | J19: 744.75 | K19: :
A20: Ireland | B20: 610.24 | C20: 634.4 | D20: 485.48 | E20: 595.36 | F20: 364.92 | G20: 628.08 | H20: 701.24 | I20: 483.11 | J20: 388.1 | K20: 650.45
A21: Greece | B21: 1665.35 | C21: 1023.9 | D21: 1072.94 | E21: 979.22 | F21: 1095.15 | G21: 1159.19 | H21: 1203.26 | I21: 1309.18 | J21: 832.9 | K21: 1277.49
A22: Spain | B22: 8199.69 | C22: 5033.04 | D22: 8322.51 | E22: 6041.17 | F22: 8143.51 | G22: 8564.63 | H22: 6508.8 | I22: 4049.23 | J22: 7431.41 | K22: 8469.09
A23: France | B23: 28975.44 | C23: 38228.15 | D23: 35424.14 | E23: 40604.96 | F23: 30181.14 | G23: 36559.45 | H23: 34632.38 | I23: 35995.57 | J23: 26546.26 | K23: 33935.45
A24: Croatia | B24: 969.05 | C24: 695.59 | D24: 753.06 | E24: 803.27 | F24: 867.53 | G24: 986.93 | H24: 971.47 | I24: 834.23 | J24: 815.37 | K24: 913.3
A25: Italy | B25: 8236.95 | C25: 7139.01 | D25: 7104.65 | E25: 6739.47 | F25: 6716.18 | G25: 7294.57 | H25: 6609.52 | I25: 6894.47 | J25: 6213.21 | K25: 6584.45
A26: Cyprus | B26: 7.1 | C26: 17.11 | D26: 15.33 | E26: 29.47 | F26: 34.65 | G26: 25.93 | H26: 31.1 | I26: 28.25 | J26: 25.27 | K26: :
A27: Latvia | B27: 2062.3 | C27: 2138.8 | D27: 1431.6 | E27: 2371 | F27: 2659.6 | G27: 2407.7 | H27: 2539.4 | I27: 2136.8 | J27: 2465.9 | K27: 2525.7
A28: Lithuania | B28: 3844.49 | C28: 3917.37 | D28: 2838.9 | E28: 3843.85 | F28: 4818.75 | G28: 4248.85 | H28: 4482.76 | I28: 4455.39 | J28: 4219.3 | K28: 3984.95
A29: Luxembourg | B29: 70.15 | C29: 77.55 | D29: 79.65 | E29: 82.26 | F29: 72.4 | G29: 76.14 | H29: 85.89 | I29: 72.36 | J29: 65.86 | K29: :
A30: Hungary | B30: 5603.18 | C30: 5246.26 | D30: 5258.43 | E30: 5377.71 | F30: 5121.48 | G30: 5290.14 | H30: 4354.71 | I30: 5941.99 | J30: 5338.73 | K30: 5821.44
A31: Malta | B31: 0 | C31: 0 | D31: 0 | E31: 0 | F31: 0 | G31: 0 | H31: 0 | I31: 0 | J31: 0 | K31: :
A32: Netherlands | B32: 995.2 | C32: 1032.21 | D32: 961.92 | E32: 1130.53 | F32: 931.83 | G32: 947.25 | H32: 1162.86 | I32: 1096.82 | J32: 668.17 | K32: 1136.65
A33: Austria | B33: 1965.54 | C33: 1434.38 | D33: 1367.06 | E33: 1596.88 | F33: 1652.74 | G33: 1547.6 | H33: 1712.53 | I33: 1744.82 | J33: 1576.01 | K33: 1740.44
A34: Poland | B34: 10626.45 | C34: 11448.66 | D34: 9637.62 | E34: 10807.49 | F34: 12515.06 | G34: 11893.55 | H34: 13195.12 | I34: 12932.39 | J34: 12183.62 | K34: 12591.69
A35: Portugal | B35: 93.16 | C35: 61.69 | D35: 70.11 | E35: 77.07 | F35: 83.5 | G35: 69.44 | H35: 61.92 | I35: 34.67 | J35: 66.44 | K35: 61.03
A36: Romania | B36: 8431.13 | C36: 10034.96 | D36: 10143.67 | E36: 10297.11 | F36: 6392.37 | G36: 10433.75 | H36: 8684.24 | I36: 9624.07 | J36: 10139 | K36: 13011.07
A37: Slovenia | B37: 163.17 | C37: 140.96 | D37: 121.9 | E37: 139.81 | F37: 158.18 | G37: 154.45 | H37: 150.75 | I37: 145.42 | J37: 153.02 | K37: :
A38: Slovakia | B38: 2434.22 | C38: 1770.66 | D38: 1927.93 | E38: 1939.13 | F38: 2133.33 | G38: 2002.24 | H38: 2048.15 | I38: 2490.6 | J38: 1715.06 | K38: 2298.2
A39: Finland | B39: 834.44 | C39: 812.24 | D39: 501.6 | E39: 914.18 | F39: 686.62 | G39: 687.16 | H39: 844.24 | I39: 749.03 | J39: 759.38 | K39: 977.76
A40: Sweden | B40: 2841.6 | C40: 3298.6 | D40: 1620.3 | E40: 3476.8 | F40: 3214.3 | G40: 3027.8 | H40: 3228.7 | I40: 2768.2 | J40: 2926 | K40: 3558.2
A41: Iceland | B41: 0 | C41: 0 | D41: 0 | E41: 0 | F41: 0 | G41: 0 | H41: 0.2 | I41: 0.1 | J41: 0.1 | K41: :
A42: Norway | B42: 305.79 | C42: 395.83 | D42: : | E42: : | F42: : | G42: : | H42: : | I42: 170 | J42: : | K42: :
A43: Switzerland | B43: 391.11 | C43: 536.65 | D43: 502.85 | E43: 503.02 | F43: 534.66 | G43: 464.24 | H43: 484.13 | I43: 447.04 | J43: 313.7 | K43: :
A44: United Kingdom | B44: 14215.76 | C44: 14664.48 | D44: 13397.38 | E44: 16035.85 | F44: 10015.17 | G44: : | H44: : | I44: : | J44: : | K44: :
A45: Bosnia and Herzegovina | B45: 310.17 | C45: 292.1 | D45: 299.25 | E45: 267.85 | F45: 325.55 | G45: 325.64 | H45: 226.68 | I45: 249.38 | J45: : | K45: :
A46: Montenegro | B46: 2.38 | C46: 2.49 | D46: 2.5 | E46: 2.17 | F46: 2.27 | G46: 2.08 | H46: 2.07 | I46: 2.14 | J46: : | K46: :
A47: North Macedonia | B47: 310 | C47: 202.44 | D47: 243.91 | E47: 242.71 | F47: 248.89 | G47: 246.51 | H47: 227.24 | I47: 217.67 | J47: 231.98 | K47: 248.78
A48: Albania | B48: 271.8 | C48: : | D48: 237.51 | E48: 233.2 | F48: 233.4 | G48: 225.2 | H48: 233.1 | I48: 233.6 | J48: 180.81 | K48: :
A49: Serbia | B49: 2885 | C49: 2275.6 | D49: 2941.6 | E49: 2534.64 | F49: 2873.5 | G49: 3442.31 | H49: 3109.83 | I49: 3448.7 | J49: 2900.54 | K49: 3681
A50: Türkiye | B50: 21467.53 | C50: 22407.29 | D50: 20664.59 | E50: 19799.52 | F50: 21338.47 | G50: 18388.84 | H50: 20578.83 | I50: 22923.01 | J50: 21671.74 | K50: :
A51: Kosovo* | B51: 365.7 | C51: 320.1 | D51: 280.6 | E51: 285 | F51: : | G51: 322.02 | H51: 330.91 | I51: 303.5 | J51: : | K51: :
A53: Special value
A54: : | B54: not available

Sheet Sheet 9
A1: Data extracted on 26/09/2025 16:39:20 from [ESTAT]
A2: Dataset: | B2: Crop production in EU standard humidity [apro_cpsh1__custom_18188015]
A3: Last updated: | B3: 17/09/2025 23:00
A5: Time frequency | C5: Annual
A6: Crops | C6: Wheat and spelt
A7: Structure of production | C7: Yield in EU standard humidity (tonne/ha)
A9: TIME | B9: 2016 | C9: 2017 | D9: 2018 | E9: 2019 | F9: 2020 | G9: 2021 | H9: 2022 | I9: 2023 | J9: 2024 | K9: 2025
A10: GEO (Labels)
A11: European Union (EU6-1958, EU9-1973, EU10-1981, EU12-1986, EU15-1995, EU25-2004, EU27-2007, EU28-2013, EU27-2020) | B11: : | C11: : | D11: : | E11: : | F11: : | G11: : | H11: : | I11: : | J11: : | K11: :
A12: European Union - 27 countries (from 2020) | B12: : | C12: : | D12: : | E12: : | F12: : | G12: : | H12: : | I12: : | J12: : | K12: :
A13: European Union - 28 countries (2013-2020) | B13: : | C13: : | D13: : | E13: : | F13: : | G13: : | H13: : | I13: : | J13: : | K13: :
A14: Belgium | B14: 6.64 | C14: 8.56 | D14: 8.49 | E14: 9.33 | F14: 8.95 | G14: 7.79 | H14: 9.05 | I14: 8.42 | J14: 6.58 | K14: 7.17
A15: Bulgaria | B15: 4.98 | C15: 5.52 | D15: 4.91 | E15: 5.27 | F15: 4.01 | G15: 6.09 | H15: : | I15: 5.59 | J15: 5.93 | K15: 5.98
A16: Czechia | B16: 6.5 | C16: 5.67 | D16: 5.39 | E16: 5.73 | F16: 6.14 | G16: 6.32 | H16: 6.07 | I16: 6.44 | J16: 5.96 | K16: 6.08
A17: Denmark | B17: 7.12 | C17: 8.15 | D17: 6.16 | E17: 8.1 | F17: 8.1 | G17: 7.53 | H17: 8.38 | I17: 7.27 | J17: 7.04 | K17: 8.6
A18: Germany | B18: 7.64 | C18: 7.64 | D18: 6.67 | E18: 7.4 | F18: 7.82 | G18: 7.3 | H18: 7.58 | I18: 7.43 | J18: 7.08 | K18: 7.29
A19: Estonia | B19: 2.77 | C19: 4.2 | D19: 2.91 | E19: 5.07 | F19: 5 | G19: 4.09 | H19: 4.72 | I19: 4 | J19: 4.3 | K19: :
A20: Ireland | B20: 8.99 | C20: 9.46 | D20: 8.37 | E20: 9.38 | F20: 7.76 | G20: 10.08 | H20: 10.43 | I20: 8.66 | J20: 8.12 | K20: 10.15
A21: Greece | B21: 3.1 | C21: 2.46 | D21: 2.65 | E21: 2.79 | F21: 3.08 | G21: 2.82 | H21: 2.92 | I21: 2.92 | J21: 3.15 | K21: 2.9
A22: Spain | B22: 3.63 | C22: 2.44 | D22: 4.03 | E22: 3.15 | F22: 4.25 | G22: 4.02 | H22: 3 | I22: 2.07 | J22: 3.83 | K22: 4.18
A23: France | B23: 5.23 | C23: 7.17 | D23: 6.76 | E23: 7.75 | F23: 6.68 | G23: 6.93 | H23: 7.01 | I23: 7.21 | J23: 5.94 | K23: 7.21
A24: Croatia | B24: 5.7 | C24: 5.87 | D24: 5.44 | E24: 5.59 | F24: 5.87 | G24: 6.7 | H24: 6 | I24: 4.83 | J24: 5.91 | K24: 5.99
A25: Italy | B25: 4.31 | C25: : | D25: : | E25: : | F25: 3.92 | G25: 4.22 | H25: 3.72 | I25: 3.69 | J25: 3.66 | K25: 4
A26: Cyprus | B26: 0.85 | C26: 1.97 | D26: 1.5 | E26: 2.78 | F26: 2.67 | G26: 2.1 | H26: 2.34 | I26: 2 | J26: 2.06 | K26: :
A27: Latvia | B27: : | C27: 4.79 | D27: 3.43 | E27: 4.81 | F27: 5.34 | G27: 4.48 | H27: 4.72 | I27: 4.07 | J27: 4.57 | K27: 4.63
A28: Lithuania | B28: 4.37 | C28: 4.82 | D28: 3.67 | E28: 4.29 | F28: 5.39 | G28: 4.5 | H28: 4.74 | I28: 4.74 | J28: 5.04 | K28: 4.8
A29: Luxembourg | B29: 5.08 | C29: 5.49 | D29: 6.19 | E29: 6.16 | F29: 6.07 | G29: 5.92 | H29: 6.33 | I29: 5.81 | J29: 5.18 | K29: :
A30: Hungary | B30: 5.37 | C30: 5.43 | D30: 5.12 | E30: 5.3 | F30: 5.47 | G30: 5.93 | H30: 4.45 | I30: 5.64 | J30: 5.79 | K30: 5.51
A31: Malta | B31: : | C31: : | D31: : | E31: : | F31: : | G31: : | H31: : | I31: : | J31: : | K31: :
A32: Netherlands | B32: 7.84 | C32: : | D32: 8.62 | E32: 9.38 | F32: 8.56 | G32: : | H32: 9.39 | I32: 8.43 | J32: 6.97 | K32: 10.08
A33: Austria | B33: 6.18 | C33: 4.82 | D33: 4.64 | E33: 5.74 | F33: 5.93 | G33: 5.53 | H33: 5.8 | I33: 6.19 | J33: 5.75 | K33: 6.2
A34: Poland | B34: 4.46 | C34: 4.79 | D34: 3.98 | E34: 4.31 | F34: 5.23 | G34: 4.98 | H34: 5.24 | I34: 5.28 | J34: : | K34: 5.2
A35: Portugal | B35: 2.44 | C35: 2.13 | D35: 2.59 | E35: 2.7 | F35: 2.77 | G35: 2.42 | H35: 1.99 | I35: 1.4 | J35: 2.51 | K35: 2.36
A36: Romania | B36: 3.94 | C36: 4.89 | D36: 4.79 | E36: 4.75 | F36: 2.97 | G36: 4.8 | H36: 4 | I36: 4.15 | J36: 4.6 | K36: 5.64
A37: Slovenia | B37: 5.19 | C37: 5.03 | D37: 4.38 | E37: 5.23 | F37: 5.8 | G37: 5.77 | H37: 5.47 | I37: 5.07 | J37: 5.47 | K37: :
A38: Slovakia | B38: : | C38: 4.74 | D38: 4.77 | E38: 4.81 | F38: 5.52 | G38: 5.61 | H38: 4.97 | I38: 6.12 | J38: 5.45 | K38: 6.04
A39: Finland | B39: 3.88 | C39: 4.18 | D39: 2.82 | E39: 4.62 | F39: 3.46 | G39: 3.23 | H39: 3.84 | I39: 3.27 | J39: 3.54 | K39: 4.3
A40: Sweden | B40: 6.33 | C40: 6.99 | D40: 4.35 | E40: 7.41 | F40: 7.16 | G40: 6.32 | H40: 7 | I40: 5.46 | J40: : | K40: 6.74
A41: Iceland | B41: : | C41: : | D41: : | E41: : | F41: : | G41: : | H41: 3.29 | I41: : | J41: : | K41: :
A42: Norway | B42: 4.6 | C42: 5.24 | D42: : | E42: : | F42: : | G42: : | H42: 5.04 | I42: 2.64 | J42: : | K42: :
A43: Switzerland | B43: 4.42 | C43: 6.17 | D43: 5.72 | E43: 5.82 | F43: 6.29 | G43: 5.2 | H43: 5.48 | I43: 5.14 | J43: 3.69 | K43: :
A44: United Kingdom | B44: 7.81 | C44: : | D44: : | E44: : | F44: 7.08 | G44: : | H44: : | I44: : | J44: : | K44: :
A45: Bosnia and Herzegovina | B45: : | C45: : | D45: 4.07 | E45: 3.88 | F45: 4.66 | G45: 4.88 | H45: 4.88 | I45: 4.36 | J45: : | K45: :
A46: Montenegro | B46: 3.19 | C46: 3.26 | D46: 3.25 | E46: 2.82 | F46: 3.09 | G46: 3.12 | H46: 2.74 | I46: 2.82 | J46: : | K46: :
A47: North Macedonia | B47: 3.88 | C47: 2.78 | D47: 3.44 | E47: 3.53 | F47: 3.57 | G47: 3.5 | H47: 3.24 | I47: 3.13 | J47: 3.45 | K47: 3.8
A48: Albania | B48: : | C48: : | D48: : | E48: 4.07 | F48: 4.33 | G48: 4.13 | H48: 4.3 | I48: 4.05 | J48: 3.93 | K48: :
A49: Serbia | B49: : | C49: : | D49: : | E49: : | F49: : | G49: : | H49: : | I49: : | J49: : | K49: 6.06
A50: Türkiye | B50: 2.81 | C50: 2.92 | D50: 2.79 | E50: 2.92 | F50: 3.12 | G50: 2.71 | H50: 3.13 | I50: 3.33 | J50: 3.13 | K50: :
A51: Kosovo* | B51: 4.18 | C51: 3.98 | D51: 3.46 | E51: 3.55 | F51: : | G51: 4.03 | H51: 4.14 | I51: 3.79 | J51: : | K51: :
A53: Special value
A54: : | B54: not available

Sheet Sheet 10
A1: Data extracted on 26/09/2025 16:39:20 from [ESTAT]
A2: Dataset: | B2: Crop production in EU standard humidity [apro_cpsh1__custom_18188015]
A3: Last updated: | B3: 17/09/2025 23:00
A5: Time frequency | C5: Annual
A6: Crops | C6: Common wheat and spelt
A7: Structure of production | C7: Area (cultivation/harvested/production) (1000 ha)
A9: TIME | B9: 2016 | C9: 2017 | D9: 2018 | E9: 2019 | F9: 2020 | G9: 2021 | H9: 2022 | I9: 2023 | J9: 2024 | K9: 2025
A10: GEO (Labels)
A11: European Union (EU6-1958, EU9-1973, EU10-1981, EU12-1986, EU15-1995, EU25-2004, EU27-2007, EU28-2013, EU27-2020) | B11: 24255.26 | C11: 23385.83 | D11: 23018.82 | E11: 23883.38 | F11: 20663.87 | G11: 21816.18 | H11: 21929.04 | I11: 21915.63 | J11: 20203.28 | K11: :
A12: European Union - 27 countries (from 2020) | B12: 22432.26 | C12: 21593.83 | D12: 21271.12 | E12: 22067.6 | F12: 20663.87 | G12: 21816.18 | H12: 21929.04 | I12: 21915.63 | J12: 20203.28 | K12: :
A13: European Union - 28 countries (2013-2020) | B13: 24255.26 | C13: 23385.83 | D13: 23018.82 | E13: 23883.38 | F13: : | G13: : | H13: : | I13: : | J13: : | K13: :
A14: Belgium | B14: 215.72 | C14: 197.59 | D14: 195.69 | E14: 203.76 | F14: 194.66 | G14: 209.18 | H14: 204.47 | I14: 212.61 | J14: 164.54 | K14: 198.13
A15: Bulgaria | B15: 1179.1 | C15: 1133.7 | D15: 1197.1 | E15: 1189.36 | F15: 1192.37 | G15: 1197.23 | H15: 1194.52 | I15: 1205.4 | J15: 1169.88 | K15: 1233
A16: Czechia | B16: 839.71 | C16: 832.06 | D16: 819.69 | E16: 839.45 | F16: 798.58 | G16: 784.78 | H16: 854.43 | I16: 814.29 | J16: 771.61 | K16: 777.12
A17: Denmark | B17: 583 | C17: 586.6 | D17: 425.8 | E17: 573.4 | F17: 502.6 | G17: 537.7 | H17: 497.3 | I17: 489 | J17: 475.6 | K17: 473.78
A18: Germany | B18: 3176.4 | C18: 3173 | D18: 3006.2 | E18: 3086.7 | F18: 2801.5 | G18: 2901.5 | H18: 2940.1 | I18: 2856.4 | J18: 2566.7 | K18: 2906.6
A19: Estonia | B19: 164.5 | C19: 169.75 | D19: 154.58 | E19: 166.98 | F19: 168.04 | G19: 180 | H19: 180.97 | I19: 173.57 | J19: 173.32 | K19: :
A20: Ireland | B20: 67.92 | C20: 67.05 | D20: 57.98 | E20: 63.48 | F20: 46.99 | G20: 62.33 | H20: 67.23 | I20: 55.78 | J20: 47.8 | K20: 64.09
A21: Greece | B21: 149.42 | C21: 119.7 | D21: 108 | E21: 96.61 | F21: 93.2 | G21: 97.11 | H21: 94.79 | I21: 115.96 | J21: 89.32 | K21: 114.1
A22: Spain | B22: 1808.69 | C22: 1645.12 | D22: 1689.08 | E22: 1653.45 | F22: 1663.76 | G22: 1869.42 | H22: 1894.04 | I22: 1685.72 | J22: 1702.91 | K22: 1793.57
A23: France | B23: 5139.25 | C23: 4962.08 | D23: 4880.21 | E23: 4998.75 | F23: 4267.5 | G23: 4982.51 | H23: 4696.9 | I23: 4761.95 | J23: 4217.51 | K23: 4484.44
A24: Croatia | B24: 170.9 | C24: 117.73 | D24: 137.99 | E24: 142.76 | F24: 147.08 | G24: 146.7 | H24: 161 | I24: 172.52 | J24: 136.8 | K24: 150.6
A25: Italy | B25: 528.74 | C25: 501.72 | D25: 543.32 | E25: 530.68 | F25: 500.8 | G25: 498.11 | H25: 538.77 | I25: 598.28 | J25: 520.31 | K25: 497.68
A26: Cyprus | B26: 0.78 | C26: 1.57 | D26: 2.43 | E26: 4.2 | F26: 5.36 | G26: 4.9 | H26: 5.03 | I26: 5.42 | J26: 5 | K26: :
A27: Latvia | B27: 479.1 | C27: 446.8 | D27: 417.2 | E27: 492.7 | F27: 498.2 | G27: 537.3 | H27: 537.5 | I27: 525 | J27: 540 | K27: 545.6
A28: Lithuania | B28: 880.53 | C28: 811.95 | D28: 772.89 | E28: 895.76 | F28: 893.51 | G28: 944.17 | H28: 946.72 | I28: 940.29 | J28: 836.67 | K28: 829.69
A29: Luxembourg | B29: 13.81 | C29: 14.11 | D29: 12.87 | E29: 13.36 | F29: 11.8 | G29: 12.58 | H29: 13.3 | I29: 12.3 | J29: 12.54 | K29: :
A30: Hungary | B30: 1014.53 | C30: 932.82 | D30: 981.88 | E30: 978.72 | F30: 909.61 | G30: 863.3 | H30: 942.3 | I30: 1015.84 | J30: 871.15 | K30: 986.83
A31: Malta | B31: 0 | C31: 0 | D31: 0 | E31: 0 | F31: 0 | G31: 0 | H31: 0 | I31: 0 | J31: 0 | K31: :
A32: Netherlands | B32: 127.33 | C32: 115.92 | D32: 111.66 | E32: 120.55 | F32: 108.91 | G32: 118.14 | H32: 123.8 | I32: 129.55 | J32: 95.85 | K32: 112.71
A33: Austria | B33: 294.51 | C33: 274.39 | D33: 272.39 | E33: 261.64 | F33: 262.51 | G33: 260.4 | H33: 272.24 | I33: 258.57 | J33: 247.96 | K33: 255.97
A34: Poland | B34: 2364.1 | C34: 2391.85 | D34: 2417.23 | E34: 2511.33 | F34: 2391 | G34: 2390.52 | H34: 2518.44 | I34: 2449.33 | J34: 2385.69 | K34: 2423.12
A35: Portugal | B35: 33.51 | C35: 24.89 | D35: 22.87 | E35: 24.32 | F35: 26.52 | G35: 24.32 | H35: 25.57 | I35: 21.22 | J35: 22.28 | K35: 21.32
A36: Romania | B36: 2130.71 | C36: 2048.13 | D36: 2110.52 | E36: 2162.64 | F36: 2150.99 | G36: 2167.72 | H36: 2162.1 | I36: 2311.1 | J36: 2195.93 | K36: 2294.09
A37: Slovenia | B37: 31.46 | C37: 28.02 | D37: 27.82 | E37: 26.73 | F37: 27.29 | G37: 26.76 | H37: : | I37: : | J37: : | K37: :
A38: Slovakia | B38: 374.31 | C38: 331.12 | D38: 355.42 | E38: 363.21 | F38: 353.14 | G38: 307.99 | H38: 348.79 | I38: 340.1 | J38: 236.27 | K38: 292.5
A39: Finland | B39: 215.1 | C39: 194.3 | D39: 177.8 | E39: 197.6 | F39: 198.8 | G39: 212.41 | H39: 219.64 | I39: 229.2 | J39: 214.75 | K39: 227.17
A40: Sweden | B40: 449.15 | C40: 471.87 | D40: 372.5 | E40: 469.49 | F40: 449.17 | G40: 479.13 | H40: 461.57 | I40: 507.54 | J40: 474.94 | K40: 527.6
A41: Iceland | B41: 0 | C41: 0 | D41: 0 | E41: 0 | F41: 0 | G41: 0.1 | H41: 0.06 | I41: 0.05 | J41: 0.05 | K41: :
A42: Norway | B42: 66.77 | C42: 75.75 | D42: 58.65 | E42: 80.35 | F42: 67.67 | G42: 63.59 | H42: 75.3 | I42: 64.46 | J42: : | K42: :
A43: Switzerland | B43: 88.46 | C43: 87.05 | D43: 87.98 | E43: 86.45 | F43: 84.39 | G43: 88.48 | H43: 88.38 | I43: 86.68 | J43: 84.39 | K43: 77.26
A44: United Kingdom | B44: 1823 | C44: 1792 | D44: 1747.7 | E44: 1815.78 | F44: 1415.13 | G44: : | H44: : | I44: : | J44: : | K44: :
A45: Bosnia and Herzegovina | B45: 71.39 | C45: 69.45 | D45: 73.59 | E45: 68.97 | F45: 69.91 | G45: 66.76 | H45: 46.49 | I45: 57.2 | J45: : | K45: :
A46: Montenegro | B46: 0.75 | C46: 0.77 | D46: 0.77 | E46: 0.77 | F46: 0.74 | G46: 0.72 | H46: 0.76 | I46: 0.76 | J46: : | K46: :
A47: North Macedonia | B47: 79.83 | C47: 72.86 | D47: 70.99 | E47: 68.85 | F47: 69.77 | G47: 70.37 | H47: 70.11 | I47: 69.52 | J47: 67.23 | K47: 65.55
A48: Albania | B48: 70.5 | C48: 68.1 | D48: 65.1 | E48: 57.3 | F48: 53.9 | G48: 54.5 | H48: 54.3 | I48: 57.6 | J48: 46 | K48: :
A49: Serbia | B49: 595 | C49: 556.1 | D49: 643.08 | E49: 577.5 | F49: 581.13 | G49: 598.74 | H49: 631.09 | I49: 682.25 | J49: 549.03 | K49: 607.08
A50: Türkiye | B50: 6435 | C50: 6435 | D50: 6103 | E50: 5753 | F50: 5666 | G50: 5546 | H50: 5423 | I50: 5569 | J50: 5691 | K50: :
A51: Kosovo* | B51: 89.1 | C51: 80.5 | D51: 81.1 | E51: 80.3 | F51: 80.47 | G51: 79.97 | H51: 79.98 | I51: 80.03 | J51: : | K51: :
A53: Special value
A54: : | B54: not available

Sheet Sheet 11
A1: Data extracted on 26/09/2025 16:39:20 from [ESTAT]
A2: Dataset: | B2: Crop production in EU standard humidity [apro_cpsh1__custom_18188015]
A3: Last updated: | B3: 17/09/2025 23:00
A5: Time frequency | C5: Annual
A6: Crops | C6: Common wheat and spelt
A7: Structure of production | C7: Harvested production in EU standard humidity (1000 t)
A9: TIME | B9: 2016 | C9: 2017 | D9: 2018 | E9: 2019 | F9: 2020 | G9: 2021 | H9: 2022 | I9: 2023 | J9: 2024 | K9: 2025
A10: GEO (Labels)
A11: European Union (EU6-1958, EU9-1973, EU10-1981, EU12-1986, EU15-1995, EU25-2004, EU27-2007, EU28-2013, EU27-2020) | B11: 134713 | C11: 142599.48 | D11: 128988.96 | E11: 147871.89 | F11: 118867.61 | G11: 129884.27 | H11: 126640.47 | I11: 125878.52 | J11: 112535.45 | K11: :
A12: European Union - 27 countries (from 2020) | B12: 120497.24 | C12: 127935 | D12: 115591.58 | E12: 131836.03 | F12: 118867.61 | G12: 129884.27 | H12: 126640.47 | I12: 125878.52 | J12: 112535.45 | K12: :
A13: European Union - 28 countries (2013-2020) | B13: 134713 | C13: 142599.48 | D13: 128988.96 | E13: 147871.89 | F13: : | G13: : | H13: : | I13: : | J13: : | K13: :
A14: Belgium | B14: 1431.44 | C14: 1690.84 | D14: 1661.86 | E14: 1902.38 | F14: 1741.48 | G14: 1629.18 | H14: 1851.87 | I14: 1791.17 | J14: 1085.38 | K14: 1421.58
A15: Bulgaria | B15: 5745.29 | C15: 6271.58 | D15: 5893.53 | E15: 6280.15 | F15: 4817.68 | G15: 7292.73 | H15: 6389.69 | I15: 6776.54 | J15: 6978.03 | K15: 7418.05
A16: Czechia | B16: 5454.66 | C16: 4718.21 | D16: 4417.84 | E16: 4812.16 | F16: 4902.41 | G16: 4960.93 | H16: 5188.69 | I16: 5243.15 | J16: 4598.29 | K16: 4730.99
A17: Denmark | B17: 4152.65 | C17: 4777.89 | D17: 2623.93 | E17: 4642.09 | F17: 4070.41 | G17: 4047.09 | H17: 4165.4 | I17: 3556.26 | J17: 3348.01 | K17: 4073.47
A18: Germany | B18: 24329.2 | C18: 24311.2 | D18: 20125.4 | E18: 22907.9 | F18: 21989 | G18: 21252.2 | H18: 22368.9 | I18: 21297.9 | J18: 18241.2 | K18: 21265.5
A19: Estonia | B19: 455.5 | C19: 713.26 | D19: 450.27 | E19: 846.58 | F19: 840.52 | G19: 736.27 | H19: 854.12 | I19: 694.12 | J19: 744.75 | K19: :
A20: Ireland | B20: 610.24 | C20: 634.4 | D20: 485.48 | E20: 595.36 | F20: 364.92 | G20: 628.08 | H20: 701.24 | I20: 483.11 | J20: 388.1 | K20: 650.45
A21: Greece | B21: 492.52 | C21: 302.85 | D21: 298.63 | E21: 295.28 | F21: 301.42 | G21: 278.24 | H21: 262.75 | I21: 345.92 | J21: 265.83 | K21: 335.67
A22: Spain | B22: 7092.59 | C22: 3922.01 | D22: 6980.39 | E22: 5304.31 | F22: 7319.46 | G22: 7758.38 | H22: 5813.5 | I22: 3610.75 | J22: 6708.82 | K22: 7736.65
A23: France | B23: 27299.47 | C23: 36134.03 | D23: 33649.54 | E23: 39056.97 | F23: 28870.79 | G23: 34984.89 | H23: 33302.04 | I23: 34709.32 | J23: 25341.44 | K23: 32688.11
A24: Croatia | B24: 966.55 | C24: 692.26 | D24: 751.13 | E24: 801.47 | F24: 864.28 | G24: 983.39 | H24: 967.22 | I24: 833.16 | J24: 809.2 | K24: 903.38
A25: Italy | B25: 3052.49 | C25: 2812.61 | D25: 2848.06 | E25: 2785.8 | F25: 2725.74 | G25: 3118.59 | H25: 2818.79 | I25: 3104.83 | J25: 2617.8 | K25: 2640.1
A26: Cyprus | B26: 0.32 | C26: 2.83 | D26: 2.89 | E26: 11.01 | F26: 14.24 | G26: 9.66 | H26: 11.41 | I26: 10.12 | J26: 9.29 | K26: :
A27: Latvia | B27: 2062.3 | C27: 2138.8 | D27: 1431.6 | E27: 2371 | F27: 2659.6 | G27: 2407.7 | H27: 2539.4 | I27: 2136.8 | J27: 2465.9 | K27: 2525.7
A28: Lithuania | B28: 3844.49 | C28: 3917.37 | D28: 2838.9 | E28: 3843.85 | F28: 4818.75 | G28: 4248.85 | H28: 4482.76 | I28: 4455.39 | J28: 4218.3 | K28: 3984.95
A29: Luxembourg | B29: 70.15 | C29: 77.55 | D29: 79.65 | E29: 82.26 | F29: 71.87 | G29: 74.76 | H29: 84.55 | I29: 71.71 | J29: 65.22 | K29: :
A30: Hungary | B30: 5453.3 | C30: 5087.15 | D30: 5049.34 | E30: 5215.24 | F30: 5000.79 | G30: 5127.89 | H30: 4218.47 | I30: 5744.88 | J30: 5067.95 | K30: 5450.44
A31: Malta | B31: 0 | C31: 0 | D31: 0 | E31: 0 | F31: 0 | G31: 0 | H31: 0 | I31: 0 | J31: 0 | K31: :
A32: Netherlands | B32: 995.2 | C32: 1032.21 | D32: 961.92 | E32: 1130.53 | F32: 931.83 | G32: 947.25 | H32: 1162.81 | I32: 1096.82 | J32: 668.17 | K32: 1136.65
A33: Austria | B33: 1842.28 | C33: 1343.3 | D33: 1276.2 | E33: 1516.63 | F33: 1573.87 | G33: 1459.35 | H33: 1592.7 | I33: 1605.62 | J33: 1435.79 | K33: 1602.1
A34: Poland | B34: 10626.45 | C34: 11448.66 | D34: 9637.62 | E34: 10807.49 | F34: 12515.06 | G34: 11893.55 | H34: 13195.12 | I34: 12932.39 | J34: 12183.62 | K34: 12591.69
A35: Portugal | B35: 80 | C35: 52.02 | D35: 58.54 | E35: 64.87 | F35: 72.87 | G35: 57.17 | H35: 48.82 | I35: 28.57 | J35: 54.23 | K35: 51.19
A36: Romania | B36: 8406.48 | C36: 10014.38 | D36: 10122.91 | E36: 10280.58 | F36: 6381.69 | G36: 10404.08 | H36: 8661.22 | I36: 9602.34 | J36: 10112.41 | K36: 12965.11
A37: Slovenia | B37: 163.17 | C37: 140.96 | D37: 121.9 | E37: 139.81 | F37: 158.18 | G37: 154.29 | H37: : | I37: : | J37: : | K37: :
A38: Slovakia | B38: 2194.48 | C38: 1587.77 | D38: 1702.16 | E38: 1751.33 | F38: 1959.82 | G38: 1714.81 | H38: 1735.46 | I38: 2085.08 | J38: 1289.35 | K38: 1766
A39: Finland | B39: 834.44 | C39: 812.26 | D39: 501.6 | E39: 914.18 | F39: 686.62 | G39: 687.16 | H39: 844.24 | I39: 749.01 | J39: 759.38 | K39: 977.76
A40: Sweden | B40: 2841.6 | C40: 3298.6 | D40: 1620.3 | E40: 3476.8 | F40: 3214.3 | G40: 3027.8 | H40: 3228.7 | I40: 2768.2 | J40: 2926 | K40: 3558.2
A41: Iceland | B41: 0 | C41: 0 | D41: 0 | E41: 0 | F41: 0 | G41: 0 | H41: 0.2 | I41: 0.1 | J41: 0.1 | K41: :
A42: Norway | B42: 305.79 | C42: 395.83 | D42: 136.07 | E42: 444.83 | F42: 324 | G42: 261.8 | H42: 379.53 | I42: 170 | J42: : | K42: :
A43: Switzerland | B43: 391.11 | C43: 536.65 | D43: 502.85 | E43: 503.02 | F43: 531.86 | G43: 461.49 | H43: 484.13 | I43: 445.23 | J43: 312.83 | K43: :
A44: United Kingdom | B44: 14215.76 | C44: 14664.48 | D44: 13397.38 | E44: 16035.85 | F44: 10015.17 | G44: : | H44: : | I44: : | J44: : | K44: :
A45: Bosnia and Herzegovina | B45: 310.17 | C45: 292.1 | D45: 299.25 | E45: 267.85 | F45: 325.55 | G45: 325.64 | H45: 226.68 | I45: 249.38 | J45: : | K45: :
A46: Montenegro | B46: 2.38 | C46: 2.49 | D46: 2.5 | E46: 2.17 | F46: 2.27 | G46: 2.08 | H46: 2.07 | I46: 2.14 | J46: : | K46: :
A47: North Macedonia | B47: 310 | C47: 202.44 | D47: 243.91 | E47: 242.71 | F47: 248.89 | G47: 246.51 | H47: 227.24 | I47: 217.67 | J47: 231.98 | K47: 248.78
A48: Albania | B48: 275 | C48: 274.9 | D48: 240.3 | E48: 233.2 | F48: 233.4 | G48: 225.2 | H48: 233.1 | I48: 233.6 | J48: 180.81 | K48: :
A49: Serbia | B49: 2885 | C49: 2275.6 | D49: 2941.6 | E49: 2534.64 | F49: 2873.5 | G49: 3442.31 | H49: 3109.83 | I49: 3448.7 | J49: 2900.54 | K49: 3681
A50: Türkiye | B50: 17617 | C50: 18262.14 | D50: 16954.63 | E50: 16460.27 | F50: 17156.48 | G50: 15057.43 | H50: 16617.07 | I50: 18382.3 | J50: 17032.42 | K50: :
A51: Kosovo* | B51: 365.7 | C51: 320.1 | D51: 280.6 | E51: 285 | F51: 341.82 | G51: 322.02 | H51: 330.91 | I51: 303.5 | J51: : | K51: :
A53: Special value
A54: : | B54: not available

Sheet Sheet 12
A1: Data extracted on 26/09/2025 16:39:20 from [ESTAT]
A2: Dataset: | B2: Crop production in EU standard humidity [apro_cpsh1__custom_18188015]
A3: Last updated: | B3: 17/09/2025 23:00
A5: Time frequency | C5: Annual
A6: Crops | C6: Common wheat and spelt
A7: Structure of production | C7: Yield in EU standard humidity (tonne/ha)
A9: TIME | B9: 2016 | C9: 2017 | D9: 2018 | E9: 2019 | F9: 2020 | G9: 2021 | H9: 2022 | I9: 2023 | J9: 2024 | K9: 2025
A10: GEO (Labels)
A11: European Union (EU6-1958, EU9-1973, EU10-1981, EU12-1986, EU15-1995, EU25-2004, EU27-2007, EU28-2013, EU27-2020) | B11: : | C11: : | D11: : | E11: : | F11: : | G11: : | H11: : | I11: : | J11: : | K11: :
A12: European Union - 27 countries (from 2020) | B12: : | C12: : | D12: : | E12: : | F12: : | G12: : | H12: : | I12: : | J12: : | K12: :
A13: European Union - 28 countries (2013-2020) | B13: : | C13: : | D13: : | E13: : | F13: : | G13: : | H13: : | I13: : | J13: : | K13: :
A14: Belgium | B14: 6.64 | C14: 8.56 | D14: 8.49 | E14: 9.33 | F14: 8.95 | G14: 7.79 | H14: 9.05 | I14: 8.42 | J14: 6.58 | K14: 7.17
A15: Bulgaria | B15: 4.87 | C15: 5.53 | D15: 4.92 | E15: 5.28 | F15: 4.01 | G15: 6.09 | H15: 5.48 | I15: 5.59 | J15: 5.96 | K15: 6.02
A16: Czechia | B16: 6.5 | C16: 5.67 | D16: 5.39 | E16: 5.73 | F16: 6.14 | G16: 6.32 | H16: 6.07 | I16: 6.44 | J16: 5.96 | K16: 6.09
A17: Denmark | B17: 7.12 | C17: 8.15 | D17: 6.16 | E17: 8.1 | F17: 8.1 | G17: 7.53 | H17: 8.38 | I17: 7.27 | J17: 7.04 | K17: 8.6
A18: Germany | B18: 7.66 | C18: 7.66 | D18: 6.69 | E18: 7.42 | F18: 7.85 | G18: 7.32 | H18: 7.61 | I18: 7.46 | J18: 7.11 | K18: 7.32
A19: Estonia | B19: 2.77 | C19: 4.2 | D19: 2.91 | E19: 5.07 | F19: 5 | G19: 4.09 | H19: 4.72 | I19: 4 | J19: 4.3 | K19: :
A20: Ireland | B20: 8.99 | C20: 9.46 | D20: 8.37 | E20: 9.38 | F20: 7.76 | G20: 10.08 | H20: 10.43 | I20: 8.66 | J20: 8.12 | K20: 10.15
A21: Greece | B21: 3.3 | C21: 2.53 | D21: 2.77 | E21: 3.06 | F21: 3.23 | G21: 2.87 | H21: 2.77 | I21: 2.98 | J21: 2.98 | K21: 2.94
A22: Spain | B22: 3.92 | C22: 2.38 | D22: 4.13 | E22: 3.21 | F22: 4.4 | G22: 4.15 | H22: 3.07 | I22: 2.14 | J22: 3.94 | K22: 4.31
A23: France | B23: 5.31 | C23: 7.28 | D23: 6.9 | E23: 7.83 | F23: 6.76 | G23: 7.02 | H23: 7.09 | I23: 7.28 | J23: 5.99 | K23: 7.29
A24: Croatia | B24: 5.7 | C24: 5.87 | D24: 5.44 | E24: 5.59 | F24: 5.88 | G24: 6.71 | H24: 6.01 | I24: 4.83 | J24: 5.92 | K24: 6
A25: Italy | B25: : | C25: 5.76 | D25: 5.24 | E25: 5.25 | F25: 5.44 | G25: 6.26 | H25: 5.23 | I25: 5.19 | J25: 5.03 | K25: 5.3
A26: Cyprus | B26: 0.41 | C26: 1.8 | D26: 1.19 | E26: 2.63 | F26: 2.66 | G26: 1.97 | H26: 2.27 | I26: 1.87 | J26: 1.86 | K26: :
A27: Latvia | B27: 4.3 | C27: 4.79 | D27: 3.43 | E27: 4.81 | F27: 5.34 | G27: 4.48 | H27: 4.72 | I27: 4.07 | J27: 4.57 | K27: 4.63
A28: Lithuania | B28: 4.37 | C28: 4.82 | D28: 3.67 | E28: 4.29 | F28: 5.39 | G28: 4.5 | H28: 4.74 | I28: 4.74 | J28: 5.04 | K28: 4.8
A29: Luxembourg | B29: 5.08 | C29: 5.49 | D29: 6.19 | E29: 6.16 | F29: 6.09 | G29: 5.94 | H29: 6.36 | I29: 5.83 | J29: 5.2 | K29: :
A30: Hungary | B30: 5.38 | C30: 5.45 | D30: 5.14 | E30: 5.33 | F30: 5.5 | G30: 5.94 | H30: 4.48 | I30: 5.66 | J30: 5.82 | K30: 5.52
A31: Malta | B31: : | C31: : | D31: : | E31: : | F31: : | G31: : | H31: : | I31: : | J31: : | K31: :
A32: Netherlands | B32: 7.84 | C32: 8.88 | D32: 8.93 | E32: 9.38 | F32: 8.56 | G32: 8.02 | H32: 9.39 | I32: 8.43 | J32: 6.97 | K32: 10.08
A33: Austria | B33: 6.25 | C33: 4.89 | D33: 4.68 | E33: 5.8 | F33: 5.99 | G33: 5.6 | H33: 5.85 | I33: 6.21 | J33: 5.79 | K33: 6.26
A34: Poland | B34: 4.46 | C34: 4.79 | D34: 3.98 | E34: 4.31 | F34: 5.23 | G34: 4.98 | H34: 5.24 | I34: 5.28 | J34: 5.1 | K34: 5.2
A35: Portugal | B35: 2.39 | C35: 2.09 | D35: 2.56 | E35: 2.67 | F35: 2.75 | G35: 2.35 | H35: 1.91 | I35: 1.35 | J35: 2.43 | K35: 2.4
A36: Romania | B36: 3.95 | C36: 4.89 | D36: 4.8 | E36: 4.75 | F36: 2.97 | G36: 4.8 | H36: 4.01 | I36: 4.16 | J36: 4.61 | K36: 5.65
A37: Slovenia | B37: 5.19 | C37: 5.03 | D37: 4.38 | E37: 5.23 | F37: : | G37: : | H37: : | I37: : | J37: 5.47 | K37: :
A38: Slovakia | B38: 6.06 | C38: 4.8 | D38: 4.77 | E38: 4.87 | F38: 5.56 | G38: 5.57 | H38: 4.98 | I38: 6.13 | J38: 5.46 | K38: 6.04
A39: Finland | B39: 3.88 | C39: 4.18 | D39: 2.82 | E39: 4.62 | F39: 3.46 | G39: 3.23 | H39: 3.84 | I39: 3.27 | J39: 3.54 | K39: 4.3
A40: Sweden | B40: 6.33 | C40: 6.99 | D40: 4.35 | E40: 7.41 | F40: 7.16 | G40: 6.32 | H40: 7 | I40: 5.45 | J40: 6.16 | K40: 6.74
A41: Iceland | B41: : | C41: : | D41: : | E41: : | F41: : | G41: : | H41: 3.29 | I41: : | J41: : | K41: :
A42: Norway | B42: 4.6 | C42: 5.24 | D42: 2.32 | E42: 5.53 | F42: 4.79 | G42: 4.22 | H42: 5.04 | I42: 2.64 | J42: : | K42: :
A43: Switzerland | B43: 4.42 | C43: 6.17 | D43: 5.72 | E43: 5.82 | F43: 6.3 | G43: 5.22 | H43: 5.48 | I43: 5.14 | J43: 3.7 | K43: :
A44: United Kingdom | B44: 7.81 | C44: 8.2 | D44: 7.67 | E44: 8.84 | F44: 7.08 | G44: : | H44: : | I44: : | J44: : | K44: :
A45: Bosnia and Herzegovina | B45: 4.34 | C45: 4.21 | D45: 4.07 | E45: 3.88 | F45: 4.66 | G45: 4.88 | H45: 4.88 | I45: 4.36 | J45: : | K45: :
A46: Montenegro | B46: 3.19 | C46: 3.26 | D46: 3.25 | E46: 2.82 | F46: 3.09 | G46: 3.12 | H46: 2.74 | I46: 2.82 | J46: : | K46: :
A47: North Macedonia | B47: 3.88 | C47: 2.78 | D47: 3.44 | E47: 3.53 | F47: 3.57 | G47: 3.5 | H47: 3.24 | I47: 3.13 | J47: 3.45 | K47: 3.8
A48: Albania | B48: 3.9 | C48: 4.04 | D48: 3.69 | E48: 4.07 | F48: 4.33 | G48: 4.13 | H48: 4.3 | I48: 4.05 | J48: 3.93 | K48: :
A49: Serbia | B49: 4.85 | C49: 4.09 | D49: 4.54 | E49: 4.39 | F49: 4.95 | G49: 5.75 | H49: 4.93 | I49: 5.06 | J49: 5.28 | K49: 6.06
A50: Türkiye | B50: 2.7 | C50: 2.8 | D50: 2.77 | E50: 2.91 | F50: 3.01 | G50: 2.7 | H50: 3.12 | I50: 3.32 | J50: 3.01 | K50: :
A51: Kosovo* | B51: 4.18 | C51: 3.98 | D51: 3.46 | E51: 3.55 | F51: 4.25 | G51: 4.03 | H51: 4.14 | I51: 3.79 | J51: : | K51: :
A53: Special value
A54: : | B54: not available

Sheet Sheet 13
A1: Data extracted on 26/09/2025 16:39:20 from [ESTAT]
A2: Dataset: | B2: Crop production in EU standard humidity [apro_cpsh1__custom_18188015]
A3: Last updated: | B3: 17/09/2025 23:00
A5: Time frequency | C5: Annual
A6: Crops | C6: Rye
A7: Structure of production | C7: Area (cultivation/harvested/production) (1000 ha)
A9: TIME | B9: 2016 | C9: 2017 | D9: 2018 | E9: 2019 | F9: 2020 | G9: 2021 | H9: 2022 | I9: 2023 | J9: 2024 | K9: 2025
A10: GEO (Labels)
A11: European Union (EU6-1958, EU9-1973, EU10-1981, EU12-1986, EU15-1995, EU25-2004, EU27-2007, EU28-2013, EU27-2020) | B11: 1920.96 | C11: 1948.52 | D11: 1939.8 | E11: 2219.28 | F11: 2068.12 | G11: 1913.32 | H11: : | I11: 1856.35 | J11: 1700.39 | K11: :
A12: European Union - 27 countries (from 2020) | B12: 1894.96 | C12: 1912.12 | D12: 1908.2 | E12: 2187.88 | F12: 2068.12 | G12: 1913.32 | H12: : | I12: 1856.35 | J12: 1700.39 | K12: :
A13: European Union - 28 countries (2013-2020) | B13: 1920.96 | C13: 1948.52 | D13: 1939.8 | E13: 2219.28 | F13: : | G13: : | H13: : | I13: : | J13: : | K13: :
A14: Belgium | B14: 0.59 | C14: 0.52 | D14: 0.62 | E14: 0.77 | F14: 0.7 | G14: 0.82 | H14: 0.77 | I14: 1.07 | J14: 0.84 | K14: 0.91
A15: Bulgaria | B15: 7.47 | C15: 8.24 | D15: 8.32 | E15: 6.1 | F15: 5.35 | G15: 7.63 | H15: 8.33 | I15: 7.66 | J15: 6.41 | K15: 7
A16: Czechia | B16: 20.95 | C16: 22.22 | D16: 25.36 | E16: 31.13 | F16: 31.43 | G16: 25.15 | H16: 24.12 | I16: 24.65 | J16: 24.3 | K16: 20.34
A17: Denmark | B17: 99.6 | C17: 111.4 | D17: 92.7 | E17: 146.6 | F17: 115.3 | G17: 108.3 | H17: 109 | I17: 108.6 | J17: 112 | K17: 109.42
A18: Germany | B18: : | C18: : | D18: : | E18: : | F18: : | G18: : | H18: : | I18: : | J18: : | K18: 531.4
A19: Estonia | B19: 12.4 | C19: 13.31 | D19: 10.85 | E19: 28.9 | F19: 20.69 | G19: 11.9 | H19: 13.32 | I19: 16.9 | J19: 18.24 | K19: :
A20: Ireland | B20: 0 | C20: 0 | D20: 0 | E20: 0 | F20: 0 | G20: 0 | H20: 0 | I20: 0 | J20: 0 | K20: 0
A21: Greece | B21: 14.76 | C21: 12.04 | D21: 10.19 | E21: 8.53 | F21: 8.3 | G21: 9.38 | H21: 9.22 | I21: 8.13 | J21: 7.51 | K21: 8.13
A22: Spain | B22: 155.26 | C22: 108.08 | D22: 136.25 | E22: 138.09 | F22: 137.59 | G22: 118.2 | H22: 99.62 | I22: 84.01 | J22: 98.68 | K22: 100.94
A23: France | B23: 24.38 | C23: 24.19 | D23: 24.45 | E23: 28.73 | F23: 31.96 | G23: 43.22 | H23: 41.54 | I23: 38.82 | J23: 29.38 | K23: 27.64
A24: Croatia | B24: 1.29 | C24: 0.77 | D24: 1.29 | E24: 1.58 | F24: 1.06 | G24: 0.51 | H24: 0.82 | I24: 1.74 | J24: 0.7 | K24: 1.7
A25: Italy | B25: 4.17 | C25: 3.59 | D25: 3.54 | E25: 3.91 | F25: 3.58 | G25: 3.38 | H25: 3.44 | I25: 3.59 | J25: 3.69 | K25: 3.59
A26: Cyprus | B26: 0 | C26: 0 | D26: 0 | E26: 0 | F26: 0 | G26: 0 | H26: 0 | I26: 0 | J26: 0 | K26: :
A27: Latvia | B27: 35.8 | C27: 31.8 | D27: 21.7 | E27: 43.2 | F27: 41.3 | G27: 36 | H27: 35.2 | I27: 32.6 | J27: 34.6 | K27: 27.7
A28: Lithuania | B28: 32.56 | C28: 25.84 | D28: 21.28 | E28: 41.12 | F28: 36.96 | G28: 26.11 | H28: 29.47 | I28: 28.09 | J28: 25.43 | K28: 25.41
A29: Luxembourg | B29: 0.9 | C29: 0.95 | D29: 1.08 | E29: 1.14 | F29: 1.03 | G29: 1.48 | H29: 1.22 | I29: 1.52 | J29: 1.32 | K29: :
A30: Hungary | B30: 27.23 | C30: 26.48 | D30: 26.23 | E30: 25.94 | F30: 26.32 | G30: 25.7 | H30: 20.09 | I30: 29.41 | J30: 22.5 | K30: 38.51
A31: Malta | B31: 0 | C31: 0 | D31: 0 | E31: 0 | F31: 0 | G31: 0 | H31: 0 | I31: 0 | J31: 0 | K31: :
A32: Netherlands | B32: 1.56 | C32: 1.37 | D32: 1.56 | E32: 1.49 | F32: 1.78 | G32: 2.13 | H32: : | I32: 2.3 | J32: 1.49 | K32: 1.82
A33: Austria | B33: 37.31 | C33: 34.48 | D33: 40.73 | E33: 43.68 | F33: 42.74 | G33: 32.87 | H33: 34.43 | I33: 38.47 | J33: 32.15 | K33: 27.43
A34: Poland | B34: 775.09 | C34: 873.22 | D34: 893.96 | E34: 903.8 | F34: 850.66 | G34: 761.64 | H34: 662.4 | I34: 727.99 | J34: 682.18 | K34: 604.3
A35: Portugal | B35: 17.27 | C35: 16.25 | D35: 15.76 | E35: 14.59 | F35: 14.35 | G35: 14.03 | H35: 13.77 | I35: 13.29 | J35: 12.5 | K35: 13.38
A36: Romania | B36: 10.46 | C36: 9.59 | D36: 10.26 | E36: 9.36 | F36: 11.25 | G36: 12.11 | H36: 12.68 | I36: 10.67 | J36: 10.51 | K36: 12.2
A37: Slovenia | B37: 0.97 | C37: 1.08 | D37: 1.3 | E37: 1.18 | F37: 0.84 | G37: 0.64 | H37: 0.8 | I37: 1.02 | J37: 1.08 | K37: :
A38: Slovakia | B38: 12.84 | C38: 9.97 | D38: 12.19 | E38: 13.9 | F38: 12.46 | G38: 10.18 | H38: 8.96 | I38: 10.43 | J38: 6.63 | K38: 7.7
A39: Finland | B39: 26 | C39: 28.93 | D39: 16.4 | E39: 37.9 | F39: 18.7 | G39: 18.2 | H39: 19.01 | I39: 25.74 | J39: 15.91 | K39: 20.98
A40: Sweden | B40: 16.6 | C40: 21.31 | D40: 19.58 | E40: 32.75 | F40: 30.57 | G40: 25.32 | H40: 20.76 | I40: 26.74 | J40: 27.54 | K40: 30.13
A41: Iceland | B41: 0 | C41: 0 | D41: 0 | E41: 0 | F41: 0 | G41: 0 | H41: 0 | I41: 0 | J41: 0 | K41: :
A42: Norway | B42: 4.6 | C42: : | D42: : | E42: : | F42: : | G42: : | H42: : | I42: : | J42: : | K42: :
A43: Switzerland | B43: 1.98 | C43: 2 | D43: 1.86 | E43: 1.91 | F43: 1.8 | G43: 1.82 | H43: 1.85 | I43: 2.11 | J43: 1.97 | K43: 1.9
A44: United Kingdom | B44: 26 | C44: 36.4 | D44: 31.6 | E44: 31.4 | F44: 30.26 | G44: : | H44: : | I44: : | J44: : | K44: :
A45: Bosnia and Herzegovina | B45: 4.08 | C45: 3.77 | D45: 3.79 | E45: 3.63 | F45: 3.47 | G45: 3.46 | H45: 1.06 | I45: 1.86 | J45: : | K45: :
A46: Montenegro | B46: 0.18 | C46: 0.18 | D46: 0.18 | E46: 0.17 | F46: 0.15 | G46: 0.14 | H46: 0.14 | I46: 0.13 | J46: : | K46: :
A47: North Macedonia | B47: 4.48 | C47: 4.07 | D47: 3.84 | E47: 3.81 | F47: 3.94 | G47: 3.78 | H47: 3.79 | I47: 3.41 | J47: 3.19 | K47: 4.46
A48: Albania | B48: 1.2 | C48: 1.2 | D48: 1 | E48: 1.2 | F48: 1.32 | G48: 1.3 | H48: 1.3 | I48: 1.3 | J48: 1.17 | K48: 1
A49: Serbia | B49: 4.89 | C49: 4.7 | D49: 4.7 | E49: 5.05 | F49: 4.73 | G49: 4.94 | H49: 5.58 | I49: 5.38 | J49: : | K49: 4.53
A50: Türkiye | B50: 115 | C50: 101 | D50: 111 | E50: 113 | F50: 105 | G50: 100 | H50: 98 | I50: 97 | J50: 89 | K50: :
A51: Kosovo* | B51: 0.4 | C51: 0.3 | D51: 0.4 | E51: 0.4 | F51: : | G51: 0.56 | H51: 0.57 | I51: 0.57 | J51: : | K51: :
A53: Special value
A54: : | B54: not available

Sheet Sheet 14
A1: Data extracted on 26/09/2025 16:39:20 from [ESTAT]
A2: Dataset: | B2: Crop production in EU standard humidity [apro_cpsh1__custom_18188015]
A3: Last updated: | B3: 17/09/2025 23:00
A5: Time frequency | C5: Annual
A6: Crops | C6: Rye
A7: Structure of production | C7: Harvested production in EU standard humidity (1000 t)
A9: TIME | B9: 2016 | C9: 2017 | D9: 2018 | E9: 2019 | F9: 2020 | G9: 2021 | H9: 2022 | I9: 2023 | J9: 2024 | K9: 2025
A10: GEO (Labels)
A11: European Union (EU6-1958, EU9-1973, EU10-1981, EU12-1986, EU15-1995, EU25-2004, EU27-2007, EU28-2013, EU27-2020) | B11: 7354.29 | C11: 7294.68 | D11: 6191.31 | E11: 8376.7 | F11: 8869.29 | G11: 7891.98 | H11: : | I11: 7492.69 | J11: 6795.99 | K11: :
A12: European Union - 27 countries (from 2020) | B12: 7305.86 | C12: 7244.27 | D12: 6097.02 | E12: 8302.72 | F12: 8869.29 | G12: 7891.98 | H12: : | I12: 7492.69 | J12: 6795.99 | K12: :
A13: European Union - 28 countries (2013-2020) | B13: 7354.29 | C13: 7294.68 | D13: 6191.31 | E13: 8376.7 | F13: : | G13: : | H13: : | I13: : | J13: : | K13: :
A14: Belgium | B14: 1.91 | C14: 2.38 | D14: 2.36 | E14: 3.36 | F14: 2.5 | G14: 3.4 | H14: 3.06 | I14: 4.03 | J14: 2.79 | K14: 2.69
A15: Bulgaria | B15: 15.6 | C15: 17.71 | D15: 14.08 | E15: 12.18 | F15: 10.01 | G15: 16.88 | H15: 17.3 | I15: 14.66 | J15: 13.53 | K15: 17.08
A16: Czechia | B16: 104.35 | C16: 109.24 | D16: 120.16 | E16: 157.56 | F16: 172.36 | G16: 126.58 | H16: 128.15 | I16: 124.95 | J16: 105.64 | K16: 101.73
A17: Denmark | B17: 570.49 | C17: 714.79 | D17: 476.59 | E17: 883.51 | F17: 699.37 | G17: 672.49 | H17: 691.47 | I17: 601.13 | J17: 649.76 | K17: 757.04
A18: Germany | B18: : | C18: : | D18: : | E18: : | F18: : | G18: : | H18: : | I18: : | J18: : | K18: 2893.6
A19: Estonia | B19: 32.4 | C19: 52.36 | D19: 29.51 | E19: 118.98 | F19: 78.74 | G19: 42.96 | H19: 51.26 | I19: 61.81 | J19: 72.62 | K19: :
A20: Ireland | B20: 0 | C20: 0 | D20: 0 | E20: 0 | F20: 0 | G20: 0 | H20: 0 | I20: 0 | J20: 0 | K20: 0
A21: Greece | B21: 29.44 | C21: 20.24 | D21: 18.96 | E21: 17.89 | F21: 17.58 | G21: 17.46 | H21: 16.4 | I21: 15.62 | J21: 16.18 | K21: 15.61
A22: Spain | B22: 392.71 | C22: 144.84 | D22: 404.28 | E22: 261.55 | F22: 407.62 | G22: 315.75 | H22: 188.88 | I22: 121.97 | J22: 228.1 | K22: 275.1
A23: France | B23: 95.87 | C23: 108.44 | D23: 108.54 | E23: 135.36 | F23: 132.42 | G23: 194.29 | H23: 157.64 | I23: 168.31 | J23: 108.59 | K23: 112.94
A24: Croatia | B24: 4.65 | C24: 2.6 | D24: 4.15 | E24: 6.99 | F24: 4.42 | G24: 2.11 | H24: 2.9 | I24: 5.14 | J24: 2.23 | K24: 5.87
A25: Italy | B25: 13.59 | C25: 11.43 | D25: 10.96 | E25: 12.88 | F25: 11.82 | G25: 11.21 | H25: 10.73 | I25: 10.96 | J25: 11.97 | K25: 11.18
A26: Cyprus | B26: 0 | C26: 0 | D26: 0 | E26: 0 | F26: 0 | G26: 0 | H26: 0 | I26: 0 | J26: 0 | K26: :
A27: Latvia | B27: 140.9 | C27: 129.4 | D27: 81.6 | E27: 191.2 | F27: 178.4 | G27: 138.4 | H27: 129 | I27: 104.4 | J27: 116.6 | K27: 121.4
A28: Lithuania | B28: 77.45 | C28: 63.07 | D28: 43.99 | E28: 108.06 | F28: 110.06 | G28: 63.47 | H28: 71.09 | I28: 66.28 | J28: 60.5 | K28: 62.01
A29: Luxembourg | B29: 4.13 | C29: 4.62 | D29: 6.17 | E29: 6.44 | F29: 4.72 | G29: 7 | H29: 6.15 | I29: 8.82 | J29: 6.2 | K29: :
A30: Hungary | B30: 84.07 | C30: 87.06 | D30: 88.29 | E30: 90.54 | F30: 84.35 | G30: 85.01 | H30: 59.16 | I30: 94.14 | J30: 72.41 | K30: 130.07
A31: Malta | B31: 0 | C31: 0 | D31: 0 | E31: 0 | F31: 0 | G31: 0 | H31: 0 | I31: 0 | J31: 0 | K31: :
A32: Netherlands | B32: 5.3 | C32: 4.31 | D32: 4.34 | E32: 5.3 | F32: 7.59 | G32: 7.92 | H32: : | I32: 7.34 | J32: 3.92 | K32: 6.46
A33: Austria | B33: 187.29 | C33: 128.32 | D33: 176.42 | E33: 199.67 | F33: 217.93 | G33: 152.44 | H33: 169.59 | I33: 176.72 | J33: 128.62 | K33: 141.08
A34: Poland | B34: 2158.66 | C34: 2623.9 | D34: 2126.57 | E34: 2415.64 | F34: 2929.93 | G34: 2472.86 | H34: 2337.13 | I34: 2533.22 | J34: 2393.18 | K34: 2178.6
A35: Portugal | B35: 16.13 | C35: 14.94 | D35: 17.29 | E35: 16.79 | F35: 17.75 | G35: 16.58 | H35: 13.54 | I35: 11.72 | J35: 13.09 | K35: 13.61
A36: Romania | B36: 25.93 | C36: 28.16 | D36: 28.64 | E36: 26.18 | F36: 28.49 | G36: 35.1 | H36: 34.85 | I36: 29.59 | J36: 31.31 | K36: 40.23
A37: Slovenia | B37: 3.98 | C37: 4.42 | D37: 4.54 | E37: 4.48 | F37: 3.46 | G37: 2.53 | H37: 3.21 | I37: 3.67 | J37: 4.41 | K37: :
A38: Slovakia | B38: 41.1 | C38: 32.46 | D38: 41.01 | E38: 48.69 | F38: 48.57 | G38: 36.05 | H38: 31.83 | I38: 35.23 | J38: 21.75 | K38: 29.7
A39: Finland | B39: 88.01 | C39: 115.21 | D39: 42.99 | E39: 185.26 | F39: 68.42 | G39: 67.89 | H39: 65.07 | I39: 91.97 | J39: 44 | K39: 93.39
A40: Sweden | B40: 101.6 | C40: 141.8 | D40: 88.2 | E40: 221.3 | F40: 189.6 | G40: 144.5 | H40: 129.2 | I40: 139.4 | J40: 155.9 | K40: 187.1
A41: Iceland | B41: 0 | C41: 0 | D41: 0 | E41: 0 | F41: 0 | G41: 0 | H41: 0 | I41: 0 | J41: 0 | K41: :
A42: Norway | B42: 22.84 | C42: : | D42: : | E42: : | F42: : | G42: : | H42: : | I42: : | J42: : | K42: :
A43: Switzerland | B43: 8.51 | C43: 12.57 | D43: 10.23 | E43: 11.31 | F43: 10.45 | G43: 8.04 | H43: 10.49 | I43: 10.34 | J43: 7.4 | K43: :
A44: United Kingdom | B44: 48.43 | C44: 50.41 | D44: 94.29 | E44: 73.98 | F44: 101.74 | G44: : | H44: : | I44: : | J44: : | K44: :
A45: Bosnia and Herzegovina | B45: 13.43 | C45: 10.86 | D45: 11.54 | E45: 10.57 | F45: 11.04 | G45: 10 | H45: 3.53 | I45: 6.62 | J45: : | K45: :
A46: Montenegro | B46: 0.4 | C46: 0.43 | D46: 0.45 | E46: 0.41 | F46: 0.37 | G46: 0.32 | H46: 0.32 | I46: 0.31 | J46: : | K46: :
A47: North Macedonia | B47: 10.33 | C47: 8.51 | D47: 9.49 | E47: 8.73 | F47: 9.59 | G47: 8.6 | H47: 8.67 | I47: 5.34 | J47: 4.95 | K47: 8.8
A48: Albania | B48: 2.7 | C48: 2.7 | D48: 2.3 | E48: 2.6 | F48: 3.24 | G48: 3.3 | H48: 3.1 | I48: 3 | J48: 2.93 | K48: :
A49: Serbia | B49: 14.2 | C49: 11.2 | D49: 13.4 | E49: 12.96 | F49: 15.24 | G49: 18.68 | H49: 17.83 | I49: : | J49: : | K49: 18.6
A50: Türkiye | B50: 312.91 | C50: 333.77 | D50: 332.65 | E50: 323.7 | F50: 306.99 | G50: 209.88 | H50: 282.97 | I50: 317.43 | J50: 268.36 | K50: :
A51: Kosovo* | B51: 1 | C51: 0.9 | D51: 1 | E51: 1 | F51: : | G51: 1.41 | H51: 1.49 | I51: 1.46 | J51: : | K51: :
A53: Special value
A54: : | B54: not available

Sheet Sheet 15
A1: Data extracted on 26/09/2025 16:39:20 from [ESTAT]
A2: Dataset: | B2: Crop production in EU standard humidity [apro_cpsh1__custom_18188015]
A3: Last updated: | B3: 17/09/2025 23:00
A5: Time frequency | C5: Annual
A6: Crops | C6: Rye
A7: Structure of production | C7: Yield in EU standard humidity (tonne/ha)
A9: TIME | B9: 2016 | C9: 2017 | D9: 2018 | E9: 2019 | F9: 2020 | G9: 2021 | H9: 2022 | I9: 2023 | J9: 2024 | K9: 2025
A10: GEO (Labels)
A11: European Union (EU6-1958, EU9-1973, EU10-1981, EU12-1986, EU15-1995, EU25-2004, EU27-2007, EU28-2013, EU27-2020) | B11: : | C11: : | D11: : | E11: : | F11: : | G11: : | H11: : | I11: : | J11: : | K11: :
A12: European Union - 27 countries (from 2020) | B12: : | C12: : | D12: : | E12: : | F12: : | G12: : | H12: : | I12: : | J12: : | K12: :
A13: European Union - 28 countries (2013-2020) | B13: : | C13: : | D13: : | E13: : | F13: : | G13: : | H13: : | I13: : | J13: : | K13: :
A14: Belgium | B14: 3.26 | C14: 4.62 | D14: 3.8 | E14: 4.35 | F14: 3.57 | G14: 4.13 | H14: 3.97 | I14: 3.76 | J14: 3.37 | K14: 2.96
A15: Bulgaria | B15: 2.09 | C15: 2.15 | D15: 1.69 | E15: 2 | F15: 1.83 | G15: 2.24 | H15: 2.07 | I15: 1.9 | J15: 2.11 | K15: 2.44
A16: Czechia | B16: 4.98 | C16: 4.92 | D16: 4.74 | E16: 5.06 | F16: 5.48 | G16: 5.03 | H16: 5.31 | I16: 5.07 | J16: 4.35 | K16: 5
A17: Denmark | B17: 5.73 | C17: 6.42 | D17: 5.14 | E17: 6.03 | F17: 6.07 | G17: 6.21 | H17: 6.34 | I17: 5.53 | J17: 5.8 | K17: 6.92
A18: Germany | B18: : | C18: : | D18: : | E18: : | F18: : | G18: : | H18: : | I18: : | J18: : | K18: 5.45
A19: Estonia | B19: 2.62 | C19: 3.93 | D19: 2.72 | E19: 4.12 | F19: 3.81 | G19: 3.61 | H19: 3.85 | I19: 3.66 | J19: 3.98 | K19: :
A20: Ireland | B20: : | C20: : | D20: : | E20: : | F20: : | G20: : | H20: : | I20: : | J20: : | K20: :
A21: Greece | B21: 1.99 | C21: 1.68 | D21: 1.86 | E21: 2.1 | F21: 2.12 | G21: 1.86 | H21: 1.78 | I21: 1.92 | J21: 2.15 | K21: 1.92
A22: Spain | B22: 2.53 | C22: 1.34 | D22: 2.97 | E22: 1.89 | F22: 2.96 | G22: 2.67 | H22: 1.9 | I22: 1.45 | J22: 2.31 | K22: 2.73
A23: France | B23: 3.93 | C23: 4.52 | D23: : | E23: 4.71 | F23: 4.14 | G23: 4.5 | H23: 3.8 | I23: 4.34 | J23: 3.69 | K23: 4.09
A24: Croatia | B24: 3.6 | C24: 3.34 | D24: 3.22 | E24: 4.36 | F24: 4.18 | G24: 4.12 | H24: 3.53 | I24: 2.95 | J24: 3.18 | K24: 3.45
A25: Italy | B25: 3.26 | C25: : | D25: : | E25: : | F25: 3.3 | G25: 3.31 | H25: 3.12 | I25: 3.05 | J25: 3.24 | K25: 3.12
A26: Cyprus | B26: : | C26: : | D26: : | E26: : | F26: : | G26: : | H26: : | I26: : | J26: : | K26: :
A27: Latvia | B27: 3.94 | C27: 4.07 | D27: 3.77 | E27: 4.43 | F27: 4.32 | G27: 3.84 | H27: 3.66 | I27: 3.2 | J27: 3.37 | K27: 4.38
A28: Lithuania | B28: 2.38 | C28: 2.44 | D28: 2.07 | E28: 2.63 | F28: 2.98 | G28: 2.43 | H28: 2.41 | I28: 2.36 | J28: 2.38 | K28: 2.44
A29: Luxembourg | B29: 4.57 | C29: 4.85 | D29: 5.7 | E29: 5.67 | F29: 4.58 | G29: 4.72 | H29: 5.03 | I29: 5.79 | J29: 4.69 | K29: :
A30: Hungary | B30: 3.09 | C30: 3.29 | D30: 3.37 | E30: 3.49 | F30: 3.2 | G30: 3.31 | H30: 2.95 | I30: 3.2 | J30: 3.22 | K30: 3.38
A31: Malta | B31: : | C31: : | D31: : | E31: : | F31: : | G31: : | H31: : | I31: : | J31: : | K31: :
A32: Netherlands | B32: 4.09 | C32: : | D32: 2.79 | E32: 3.55 | F32: 4.26 | G32: : | H32: : | I32: 3.19 | J32: 2.63 | K32: 3.55
A33: Austria | B33: 5.02 | C33: 3.72 | D33: 4.33 | E33: 4.57 | F33: 5.1 | G33: 4.64 | H33: 4.93 | I33: 4.59 | J33: 4 | K33: 5.14
A34: Poland | B34: 2.84 | C34: 3 | D34: 2.37 | E34: 2.67 | F34: 3.44 | G34: 3.25 | H34: 3.53 | I34: 3.48 | J34: 3.5 | K34: 3.61
A35: Portugal | B35: 0.93 | C35: 0.92 | D35: 1.1 | E35: 1.15 | F35: 1.24 | G35: 1.18 | H35: 0.98 | I35: 0.88 | J35: 1.05 | K35: 1.02
A36: Romania | B36: 2.48 | C36: 2.94 | D36: 2.79 | E36: 2.8 | F36: 2.53 | G36: 2.9 | H36: 2.75 | I36: 2.77 | J36: 2.98 | K36: 3.3
A37: Slovenia | B37: 4.1 | C37: 4.08 | D37: 3.49 | E37: 3.8 | F37: 4.13 | G37: 3.95 | H37: 4.01 | I37: 3.61 | J37: 4.1 | K37: :
A38: Slovakia | B38: : | C38: 3.26 | D38: 3.4 | E38: 3.44 | F38: 3.84 | G38: 3.54 | H38: 3.55 | I38: 3.38 | J38: 3.28 | K38: 3.86
A39: Finland | B39: 3.39 | C39: 3.98 | D39: 2.62 | E39: 4.89 | F39: 3.65 | G39: 3.74 | H39: 3.43 | I39: 3.57 | J39: 2.76 | K39: 4.45
A40: Sweden | B40: 6.12 | C40: 6.66 | D40: 4.51 | E40: 6.76 | F40: 6.2 | G40: 5.71 | H40: 6.23 | I40: 5.21 | J40: 5.66 | K40: 6.21
A41: Iceland | B41: : | C41: : | D41: : | E41: : | F41: : | G41: : | H41: : | I41: : | J41: : | K41: :
A42: Norway | B42: 5.01 | C42: : | D42: : | E42: : | F42: : | G42: : | H42: 5.49 | I42: 3.27 | J42: : | K42: :
A43: Switzerland | B43: 4.29 | C43: 6.27 | D43: 5.52 | E43: 5.94 | F43: 5.81 | G43: 4.41 | H43: 5.65 | I43: 4.9 | J43: 3.75 | K43: :
A44: United Kingdom | B44: 1.88 | C44: 1.38 | D44: 2.97 | E44: : | F44: 3.36 | G44: : | H44: : | I44: : | J44: : | K44: :
A45: Bosnia and Herzegovina | B45: 3.29 | C45: 2.89 | D45: 3.05 | E45: 2.91 | F45: 3.18 | G45: 2.89 | H45: 3.34 | I45: 3.56 | J45: : | K45: :
A46: Montenegro | B46: 2.15 | C46: 2.34 | D46: 2.46 | E46: 2.47 | F46: 2.54 | G46: 2.3 | H46: 2.37 | I46: 2.34 | J46: : | K46: :
A47: North Macedonia | B47: : | C47: 2.09 | D47: 2.47 | E47: 2.29 | F47: 2.44 | G47: 2.27 | H47: 2.29 | I47: 1.57 | J47: 1.55 | K47: 1.97
A48: Albania | B48: : | C48: 2.26 | D48: 2.31 | E48: 2.17 | F48: 2.46 | G48: 2.5 | H48: 2.37 | I48: 2.36 | J48: 2.5 | K48: :
A49: Serbia | B49: 2.9 | C49: 2.41 | D49: : | E49: : | F49: 3.23 | G49: 3.78 | H49: 3.2 | I49: : | J49: : | K49: 4.11
A50: Türkiye | B50: 2.71 | C50: 3.34 | D50: 3.01 | E50: 2.82 | F50: 2.92 | G50: 2.09 | H50: 2.92 | I50: 3.24 | J50: 3.03 | K50: :
A51: Kosovo* | B51: 2.39 | C51: 2.72 | D51: 2.41 | E51: 2.41 | F51: : | G51: 2.54 | H51: 2.63 | I51: 2.55 | J51: : | K51: :
A53: Special value
A54: : | B54: not available

Sheet Sheet 16
A1: Data extracted on 26/09/2025 16:39:20 from [ESTAT]
A2: Dataset: | B2: Crop production in EU standard humidity [apro_cpsh1__custom_18188015]
A3: Last updated: | B3: 17/09/2025 23:00
A5: Time frequency | C5: Annual
A6: Crops | C6: Barley
A7: Structure of production | C7: Area (cultivation/harvested/production) (1000 ha)
A9: TIME | B9: 2016 | C9: 2017 | D9: 2018 | E9: 2019 | F9: 2020 | G9: 2021 | H9: 2022 | I9: 2023 | J9: 2024 | K9: 2025
A10: GEO (Labels)
A11: European Union (EU6-1958, EU9-1973, EU10-1981, EU12-1986, EU15-1995, EU25-2004, EU27-2007, EU28-2013, EU27-2020) | B11: 12301.59 | C11: 12039.69 | D11: 12282.8 | E11: 12301.17 | F11: 11018.46 | G11: 10267.77 | H11: 10288.64 | I11: 10368.15 | J11: 10299.53 | K11: :
A12: European Union - 27 countries (from 2020) | B12: 11179.59 | C12: 10862.69 | D12: 11144.8 | E12: 11138.94 | F12: 11018.46 | G12: 10267.77 | H12: 10288.64 | I12: 10368.15 | J12: 10299.53 | K12: :
A13: European Union - 28 countries (2013-2020) | B13: 12301.59 | C13: 12039.69 | D13: 12282.8 | E13: 12301.17 | F13: : | G13: : | H13: : | I13: : | J13: : | K13: :
A14: Belgium | B14: 55.43 | C14: 45.29 | D14: 42.16 | E14: 46.76 | F14: 43.98 | G14: 38.25 | H14: 46.44 | I14: 48.86 | J14: 48.16 | K14: 37.96
A15: Bulgaria | B15: 159.83 | C15: 128.37 | D15: 103.57 | E15: 112.03 | F15: 130.76 | G15: 126.31 | H15: 122.41 | I15: 149.98 | J15: 196.49 | K15: 194
A16: Czechia | B16: 325.73 | C16: 327.71 | D16: 324.72 | E16: 319.58 | F16: 331.91 | G16: 326.74 | H16: 334.5 | I16: 321.13 | J16: 317.12 | K16: 294.83
A17: Denmark | B17: 706.9 | C17: 665.4 | D17: 795.3 | E17: 583.2 | F17: 653.2 | G17: 621.6 | H17: 614.5 | I17: 561 | J17: 571.4 | K17: 549.02
A18: Germany | B18: 1605 | C18: 1566.1 | D18: 1662 | E18: 1708.8 | F18: 1667.3 | G18: 1539.5 | H18: 1582.6 | I18: 1612.2 | J18: 1660 | K18: 1524.5
A19: Estonia | B19: 135.4 | C19: 102.49 | D19: 138.49 | E19: 123.38 | F19: 130.73 | G19: 121.52 | H19: 116.39 | I19: 112.33 | J19: 95.06 | K19: :
A20: Ireland | B20: 189.21 | C20: 180.19 | D20: 185.21 | E20: 179.36 | F20: 193.18 | G20: 183.93 | H20: 190.25 | I20: 186.34 | J20: 181.6 | K20: 172.48
A21: Greece | B21: 132.8 | C21: 133.38 | D21: 129.19 | E21: 132.57 | F21: 136.97 | G21: 112.78 | H21: 116.8 | I21: 130.78 | J21: 99.35 | K21: 129.04
A22: Spain | B22: 2563.2 | C22: 2597.53 | D22: 2569.46 | E22: 2693.51 | F22: 2749.04 | G22: 2514.56 | H22: 2398 | I22: 2342.26 | J22: 2264.15 | K22: 2356.18
A23: France | B23: 1917.55 | C23: 1904.86 | D23: 1767.97 | E23: 1944.19 | F23: 1974.16 | G23: 1730.37 | H23: 1866.52 | I23: 1815.49 | J23: 1809.93 | K23: 1787.62
A24: Croatia | B24: 56.48 | C24: 53.95 | D24: 50.99 | E24: 53.66 | F24: 66.33 | G24: 56.48 | H24: 63.07 | I24: 72.63 | J24: 60 | K24: 61
A25: Italy | B25: 249.37 | C25: 250.53 | D25: 262.48 | E25: 261.41 | F25: 263.43 | G25: 251.76 | H25: 267.96 | I25: 290.3 | J25: 239.08 | K25: 235.51
A26: Cyprus | B26: 14.54 | C26: 10.95 | D26: 12.8 | E26: 11.58 | F26: 12.52 | G26: 12.83 | H26: 10.68 | I26: 9.49 | J26: 11 | K26: :
A27: Latvia | B27: 94.4 | C27: 70.3 | D27: 118.3 | E27: 86.8 | F27: 84.4 | G27: 74.6 | H27: 76.8 | I27: 83.6 | J27: 84.6 | K27: 51
A28: Lithuania | B28: 172.54 | C28: 141.65 | D28: 225.91 | E28: 174.77 | F28: 164.87 | G28: 144.7 | H28: 133.12 | I28: 159.43 | J28: 191.72 | K28: 242.31
A29: Luxembourg | B29: 6.9 | C29: 6.59 | D29: 6 | E29: 6.06 | F29: 6 | G29: 5.31 | H29: 6.09 | I29: 5.76 | J29: 6.39 | K29: :
A30: Hungary | B30: 313.09 | C30: 268.08 | D30: 244.17 | E30: 247.37 | F30: 261.38 | G30: 268.61 | H30: 330.8 | I30: 412.92 | J30: 285.12 | K30: 295.77
A31: Malta | B31: 0 | C31: 0 | D31: 0 | E31: 0 | F31: 0 | G31: 0 | H31: 0 | I31: 0 | J31: 0 | K31: :
A32: Netherlands | B32: 34.43 | C32: 29.72 | D32: 35.97 | E32: 33.39 | F32: 38.38 | G32: 29.67 | H32: 36.6 | I32: 35.34 | J32: 38.18 | K32: 35.18
A33: Austria | B33: 140.43 | C33: 138.9 | D33: 139.27 | E33: 137.24 | F33: 134.8 | G33: 123.62 | H33: 122.55 | I33: 122.71 | J33: 125.68 | K33: 121.03
A34: Poland | B34: 915.3 | C34: 953.78 | D34: 975.74 | E34: 975.29 | F34: 676.3 | G34: 721.16 | H34: 639.24 | I34: 647.51 | J34: 695.31 | K34: 623.11
A35: Portugal | B35: 20.62 | C35: 23.2 | D35: 20.53 | E35: 21.94 | F35: 19.02 | G35: 16.56 | H35: 11.93 | I35: 13.78 | J35: 12.5 | K35: 10.91
A36: Romania | B36: 481.61 | C36: 455.46 | D36: 423.5 | E36: 448.89 | F36: 441.98 | G36: 449.39 | H36: 425.95 | I36: 497.77 | J36: 568.24 | K36: 629.23
A37: Slovenia | B37: 19.18 | C37: 20.37 | D37: 20.99 | E37: 21.14 | F37: 22.21 | G37: 21.86 | H37: 22.55 | I37: 21.95 | J37: 20.81 | K37: :
A38: Slovakia | B38: 114.85 | C38: 120.33 | D38: 124.16 | E38: 126.37 | F38: 130.86 | G38: 117.21 | H38: 109.13 | I38: 114.19 | J38: 111.66 | K38: 117.3
A39: Finland | B39: 435.9 | C39: 358.3 | D39: 405.1 | E39: 397.9 | F39: 392.1 | G39: 387.95 | H39: 368.97 | I39: 340.7 | J39: 321.87 | K39: 321.24
A40: Sweden | B40: 318.92 | C40: 309.28 | D40: 360.81 | E40: 291.76 | F40: 292.66 | G40: 270.5 | H40: 274.8 | I40: 259.7 | J40: 284.15 | K40: 258.84
A41: Iceland | B41: 2 | C41: 2 | D41: 1.5 | E41: 2 | F41: 2.6 | G41: 2.5 | H41: 3 | I41: 2.8 | J41: 2.55 | K41: :
A42: Norway | B42: 137.56 | C42: 134.86 | D42: 147.95 | E42: 130.5 | F42: 139.22 | G42: 142.74 | H42: 131.3 | I42: 141.92 | J42: : | K42: :
A43: Switzerland | B43: 28.64 | C43: 28.09 | D43: 27.9 | E43: 26.85 | F43: 27.81 | G43: 28.01 | H43: 27.62 | I43: 26.35 | J43: 24.86 | K43: 24
A44: United Kingdom | B44: 1122 | C44: 1177 | D44: 1138 | E44: 1162.23 | F44: 1414.3 | G44: : | H44: : | I44: : | J44: : | K44: :
A45: Bosnia and Herzegovina | B45: 21.27 | C45: 21.02 | D45: 21.9 | E45: 20.91 | F45: 21.63 | G45: 21.69 | H45: 20.99 | I45: 20.31 | J45: : | K45: :
A46: Montenegro | B46: 0.39 | C46: 0.4 | D46: 0.4 | E46: 0.39 | F46: 0.33 | G46: 0.32 | H46: 0.31 | I46: 0.3 | J46: : | K46: :
A47: North Macedonia | B47: 41.3 | C47: 43.82 | D47: 42.33 | E47: 43.94 | F47: 45 | G47: 47.68 | H47: 45.43 | I47: 45.58 | J47: 44.74 | K47: 43.54
A48: Albania | B48: 3.1 | C48: 3.1 | D48: 3.4 | E48: 2.7 | F48: 3.77 | G48: 5.1 | H48: 5.6 | I48: 6.3 | J48: 7.5 | K48: :
A49: Serbia | B49: 92 | C49: 84.7 | D49: 105.74 | E49: 100.12 | F49: 106.32 | G49: 98.5 | H49: 93.82 | I49: 108.84 | J49: 98.21 | K49: 98.85
A50: Türkiye | B50: 2740 | C50: 2425 | D50: 2612 | E50: 2869 | F50: 3100 | G50: 3168 | H50: 3202 | I50: 3277 | J50: 3256 | K50: :
A51: Kosovo* | B51: 1.2 | C51: 1.6 | D51: 1.9 | E51: 2 | F51: 1.98 | G51: 2.06 | H51: 2.07 | I51: 2.02 | J51: : | K51: :
A53: Special value
A54: : | B54: not available

Sheet Sheet 17
A1: Data extracted on 26/09/2025 16:39:20 from [ESTAT]
A2: Dataset: | B2: Crop production in EU standard humidity [apro_cpsh1__custom_18188015]
A3: Last updated: | B3: 17/09/2025 23:00
A5: Time frequency | C5: Annual
A6: Crops | C6: Barley
A7: Structure of production | C7: Harvested production in EU standard humidity (1000 t)
A9: TIME | B9: 2016 | C9: 2017 | D9: 2018 | E9: 2019 | F9: 2020 | G9: 2021 | H9: 2022 | I9: 2023 | J9: 2024 | K9: 2025
A10: GEO (Labels)
A11: European Union (EU6-1958, EU9-1973, EU10-1981, EU12-1986, EU15-1995, EU25-2004, EU27-2007, EU28-2013, EU27-2020) | B11: 60097.4 | C11: 58713.87 | D11: 56584.11 | E11: 63543.12 | F11: 54670.54 | G11: 52090.78 | H11: 51990.01 | I11: 47389.51 | J11: 49698.81 | K11: :
A12: European Union - 27 countries (from 2020) | B12: 53519.78 | C12: 51628.23 | D12: 50149.8 | E12: 55588.55 | F12: 54670.54 | G12: 52090.78 | H12: 51990.01 | I12: 47389.51 | J12: 49698.81 | K12: :
A13: European Union - 28 countries (2013-2020) | B13: 60097.4 | C13: 58713.87 | D13: 56584.11 | E13: 63543.12 | F13: : | G13: : | H13: : | I13: : | J13: : | K13: :
A14: Belgium | B14: 345.71 | C14: 377.59 | D14: 324.12 | E14: 401.06 | F14: 329.47 | G14: 300.07 | H14: 373 | I14: 393.78 | J14: 295.09 | K14: :
A15: Bulgaria | B15: 728.93 | C15: 616.78 | D15: 448.7 | E15: 563.15 | F15: 566.32 | G15: 704.07 | H15: 624.6 | I15: 797.22 | J15: 1101.65 | K15: 1136.3
A16: Czechia | B16: 1845.25 | C16: 1712.28 | D16: 1606.03 | E16: 1718.06 | F16: 1816.18 | G16: 1749.13 | H16: 1877.36 | I16: 1764.21 | J16: 1671.53 | K16: 1635.28
A17: Denmark | B17: 3903.67 | C17: 3945.88 | D17: 3445.17 | E17: 3624.56 | F17: 4156.5 | G17: 3462.17 | H17: 4122.6 | I17: 2541.6 | J17: 3141.15 | K17: 3886.77
A18: Germany | B18: 10730.5 | C18: 10853.4 | D18: 9583.6 | E18: 11591.5 | F18: 10769.2 | G18: 10411.1 | H18: 11207.1 | I18: 10999.9 | J18: 10610 | K18: 10392.2
A19: Estonia | B19: 357.4 | C19: 425.68 | D19: 347.5 | E19: 523.14 | F19: 561.12 | G19: 396.37 | H19: 488.82 | I19: 331.69 | J19: 315.2 | K19: :
A20: Ireland | B20: 1400.14 | C20: 1431.43 | D20: 1181.56 | E20: 1479.6 | F20: 1347.46 | G20: 1506.41 | H20: 1549.86 | I20: 1224.2 | J20: 1273.2 | K20: 1310.82
A21: Greece | B21: 400.93 | C21: 334.25 | D21: 344.61 | E21: 366.58 | F21: 398.68 | G21: 330.22 | H21: 323.38 | I21: 362.52 | J21: 261.24 | K21: 352.49
A22: Spain | B22: 9602.96 | C22: 6055.06 | D22: 9554.16 | E22: 7744.15 | F22: 11465.35 | G22: 9275.92 | H22: 7029.72 | I22: 3757.57 | J22: 7732.47 | K22: 9329.69
A23: France | B23: 10317.84 | C23: 11946.25 | D23: 11042.82 | E23: 13565.42 | F23: 10277.23 | G23: 11321.32 | H23: 11285.44 | I23: 12143.49 | J23: 9744.27 | K23: 11817.83
A24: Croatia | B24: 263.17 | C24: 263.45 | D24: 230.17 | E24: 278.6 | F24: 325.52 | G24: 309.77 | H24: 321.9 | I24: 293.41 | J24: 298.43 | K24: 320.69
A25: Italy | B25: 1018.28 | C25: 1014.15 | D25: 1040.99 | E25: 1104.99 | F25: 1123.73 | G25: 1091.97 | H25: 1158.41 | I25: 1193.93 | J25: 918.58 | K25: 951.02
A26: Cyprus | B26: 3 | C26: 19.28 | D26: 7.92 | E26: 30.4 | F26: 26.71 | G26: 26.1 | H26: 24.45 | I26: 19.79 | J26: 19.82 | K26: :
A27: Latvia | B27: 283.2 | C27: 240.9 | D27: 306.3 | E27: 305.4 | F27: 308.8 | G27: 215.8 | H27: 281.6 | I27: 232.9 | J27: 252.9 | K27: 180.9
A28: Lithuania | B28: 545.19 | C28: 519.73 | D28: 619.54 | E28: 588.45 | F28: 705.91 | G28: 500.41 | H28: 522 | I28: 566.88 | J28: 748.5 | K28: 942.49
A29: Luxembourg | B29: 34.08 | C29: 35.4 | D29: 35.39 | E29: 36.05 | F29: 33.02 | G29: 29.04 | H29: 37.52 | I29: 30.98 | J29: 32.92 | K29: :
A30: Hungary | B30: 1594.23 | C30: 1416.38 | D30: 1145.54 | E30: 1383.26 | F30: 1483.95 | G30: 1711.63 | H30: 1590.74 | I30: 2219.72 | J30: 1576.12 | K30: 1680.12
A31: Malta | B31: 0 | C31: 0 | D31: 0 | E31: 0 | F31: 0 | G31: 0 | H31: 0 | I31: 0 | J31: 0 | K31: :
A32: Netherlands | B32: 232.93 | C32: 201.01 | D32: 247.5 | E32: 242.37 | F32: 246.19 | G32: 196.59 | H32: 283.23 | I32: 230.51 | J32: 235.71 | K32: 275.81
A33: Austria | B33: 854.7 | C33: 777.48 | D33: 691.03 | E33: 828.13 | F33: 864.86 | G33: 742.53 | H33: 767.12 | I33: 772.12 | J33: 720.29 | K33: 799.11
A34: Poland | B34: 3377.08 | C34: 3722.46 | D34: 2991.56 | E34: 3311.57 | F34: 2948.35 | G34: 2961.65 | H34: 2782.01 | I34: 2850.87 | J34: 2960.05 | K34: 2775.26
A35: Portugal | B35: 48.24 | C35: 57.19 | D35: 62.34 | E35: 71.65 | F35: 61.95 | G35: 49.72 | H35: 27.78 | I35: 26.33 | J35: 41.81 | K35: 34.32
A36: Romania | B36: 1817.27 | C36: 1906.7 | D36: 1870.71 | E36: 1879.95 | F36: 1141.01 | G36: 1981.03 | H36: 1706.65 | I36: 1997.62 | J36: 2678.69 | K36: 3440.93
A37: Slovenia | B37: 91.65 | C37: 97.93 | D37: 88.06 | E37: 102.48 | F37: 122.18 | G37: 119.13 | H37: 112.46 | I37: 101.05 | J37: 100.42 | K37: :
A38: Slovakia | B38: 584.6 | C38: 545.29 | D38: 486.9 | E38: 599.56 | F38: 679.4 | G38: 592.74 | H38: 556.48 | I38: 603.02 | J38: 527.32 | K38: 717.3
A39: Finland | B39: 1600.92 | C39: 1477.08 | D39: 1353.19 | E39: 1701.96 | F39: 1397.97 | G39: 1045.5 | H39: 1426.3 | I39: 1078.7 | J39: 1178.96 | K39: 1201.47
A40: Sweden | B40: 1537.9 | C40: 1635.2 | D40: 1094.4 | E40: 1546.5 | F40: 1513.5 | G40: 1060.4 | H40: 1509.5 | I40: 855.5 | J40: 1262.5 | K40: 1256.4
A41: Iceland | B41: 5.93 | C41: 7.91 | D41: 3.95 | E41: 3.95 | F41: 7.22 | G41: 7.41 | H41: 8.8 | I41: 7.31 | J41: 3.95 | K41: :
A42: Norway | B42: 627.43 | C42: 567.4 | D42: 435.73 | E42: 558.95 | F42: 637 | G42: 604.66 | H42: 584.13 | I42: 400.29 | J42: : | K42: :
A43: Switzerland | B43: 160.87 | C43: 208.16 | D43: 183.05 | E43: 191.29 | F43: 194.28 | G43: 171.69 | H43: 183.16 | I43: 163.33 | J43: 115.69 | K43: :
A44: United Kingdom | B44: 6577.62 | C44: 7085.64 | D44: 6434.3 | E44: 7954.57 | F44: 8266.01 | G44: : | H44: : | I44: : | J44: : | K44: :
A45: Bosnia and Herzegovina | B45: 78.19 | C45: 77.21 | D45: 79.98 | E45: 75.33 | F45: 89.77 | G45: 87.77 | H45: 83.22 | I45: 76.44 | J45: : | K45: :
A46: Montenegro | B46: 1.08 | C46: 1.09 | D46: 1.09 | E46: 0.99 | F46: 0.94 | G46: 0.88 | H46: 0.82 | I46: 0.79 | J46: : | K46: :
A47: North Macedonia | B47: 146.52 | C47: 94.76 | D47: 131.54 | E47: 140.06 | F47: 149.43 | G47: 153.36 | H47: 139.29 | I47: 146.71 | J47: 146.84 | K47: 149.76
A48: Albania | B48: 9 | C48: 9 | D48: 9.7 | E48: 7.9 | F48: 12.65 | G48: 15.3 | H48: 19 | I48: 21.2 | J48: 23.79 | K48: :
A49: Serbia | B49: 396 | C49: 305.5 | D49: 410.14 | E49: 373.34 | F49: 490.12 | G49: 553.92 | H49: 452 | I49: 538.22 | J49: 518.76 | K49: 536
A50: Türkiye | B50: 6777.91 | C50: 7182.56 | D50: 7130.23 | E50: 7687.36 | F50: 8395.5 | G50: 5814.84 | H50: 8599.85 | I50: 9306.98 | J50: 8193.17 | K50: :
A51: Kosovo* | B51: 3.7 | C51: 4.7 | D51: 5.1 | E51: 5.2 | F51: 5.76 | G51: 5.61 | H51: 5.88 | I51: 5.49 | J51: : | K51: :
A53: Special value
A54: : | B54: not available

Sheet Sheet 18
A1: Data extracted on 26/09/2025 16:39:20 from [ESTAT]
A2: Dataset: | B2: Crop production in EU standard humidity [apro_cpsh1__custom_18188015]
A3: Last updated: | B3: 17/09/2025 23:00
A5: Time frequency | C5: Annual
A6: Crops | C6: Barley
A7: Structure of production | C7: Yield in EU standard humidity (tonne/ha)
A9: TIME | B9: 2016 | C9: 2017 | D9: 2018 | E9: 2019 | F9: 2020 | G9: 2021 | H9: 2022 | I9: 2023 | J9: 2024 | K9: 2025
A10: GEO (Labels)
A11: European Union (EU6-1958, EU9-1973, EU10-1981, EU12-1986, EU15-1995, EU25-2004, EU27-2007, EU28-2013, EU27-2020) | B11: : | C11: : | D11: : | E11: : | F11: : | G11: : | H11: : | I11: : | J11: : | K11: :
A12: European Union - 27 countries (from 2020) | B12: : | C12: : | D12: : | E12: : | F12: : | G12: : | H12: : | I12: : | J12: : | K12: :
A13: European Union - 28 countries (2013-2020) | B13: : | C13: : | D13: : | E13: : | F13: : | G13: : | H13: : | I13: : | J13: : | K13: :
A14: Belgium | B14: 6.24 | C14: 8.34 | D14: 7.69 | E14: 8.58 | F14: 7.49 | G14: 7.85 | H14: 8.03 | I14: 8.06 | J14: 6.11 | K14: :
A15: Bulgaria | B15: 4.56 | C15: 4.81 | D15: 4.33 | E15: 5.03 | F15: 4.33 | G15: 5.56 | H15: 5.1 | I15: 5.28 | J15: 5.61 | K15: 5.86
A16: Czechia | B16: 5.67 | C16: 5.23 | D16: 4.95 | E16: 5.38 | F16: 5.47 | G16: 5.35 | H16: 5.61 | I16: 5.49 | J16: 5.27 | K16: 5.55
A17: Denmark | B17: 5.52 | C17: 5.93 | D17: 4.33 | E17: 6.21 | F17: 6.36 | G17: 5.57 | H17: 6.71 | I17: 4.53 | J17: 5.5 | K17: 7.08
A18: Germany | B18: 6.69 | C18: 6.93 | D18: 5.77 | E18: 6.78 | F18: 6.46 | G18: 6.76 | H18: 7.08 | I18: 6.82 | J18: 6.39 | K18: 6.82
A19: Estonia | B19: 2.64 | C19: 4.15 | D19: 2.51 | E19: 4.24 | F19: 4.29 | G19: 3.26 | H19: 4.2 | I19: 2.95 | J19: 3.32 | K19: :
A20: Ireland | B20: 7.4 | C20: 7.95 | D20: 6.38 | E20: 8.25 | F20: 6.97 | G20: 8.19 | H20: 8.14 | I20: 6.57 | J20: 7.01 | K20: 7.6
A21: Greece | B21: 3.02 | C21: 2.51 | D21: 2.67 | E21: 2.77 | F21: 2.91 | G21: 2.93 | H21: 2.77 | I21: 2.77 | J21: 2.63 | K21: 2.73
A22: Spain | B22: 3.75 | C22: 2.33 | D22: 3.72 | E22: 2.88 | F22: 4.17 | G22: 3.69 | H22: 2.93 | I22: 1.6 | J22: 3.42 | K22: 3.96
A23: France | B23: 5.38 | C23: 6.26 | D23: 6.26 | E23: 7 | F23: 5.21 | G23: 6.54 | H23: 6.05 | I23: 6.69 | J23: 5.36 | K23: 6.61
A24: Croatia | B24: 4.7 | C24: 4.86 | D24: 4.5 | E24: 5.19 | F24: 4.91 | G24: 5.48 | H24: 5.11 | I24: 4.04 | J24: 4.98 | K24: 5.26
A25: Italy | B25: 4.08 | C25: 4.14 | D25: 4.17 | E25: 4.17 | F25: 4.27 | G25: 4.34 | H25: 4.32 | I25: 4.11 | J25: 3.84 | K25: 4.04
A26: Cyprus | B26: 0.21 | C26: 1.76 | D26: 0.62 | E26: 2.63 | F26: 2.13 | G26: 2.03 | H26: 2.29 | I26: 2.08 | J26: 1.8 | K26: :
A27: Latvia | B27: 3 | C27: 3.43 | D27: 2.59 | E27: 3.52 | F27: 3.66 | G27: 2.88 | H27: 3.67 | I27: 2.78 | J27: 2.99 | K27: 3.55
A28: Lithuania | B28: 3.16 | C28: 3.67 | D28: 2.74 | E28: 3.37 | F28: 4.28 | G28: 3.46 | H28: 3.92 | I28: 3.56 | J28: 3.9 | K28: 3.89
A29: Luxembourg | B29: 4.94 | C29: 5.37 | D29: 5.89 | E29: 5.95 | F29: 5.5 | G29: 5.47 | H29: 6.16 | I29: 5.38 | J29: 5.16 | K29: :
A30: Hungary | B30: 5.09 | C30: 5.28 | D30: 4.69 | E30: 5.59 | F30: 5.68 | G30: 6.37 | H30: 4.81 | I30: 5.38 | J30: 5.53 | K30: 5.68
A31: Malta | B31: : | C31: : | D31: : | E31: : | F31: : | G31: : | H31: : | I31: : | J31: : | K31: :
A32: Netherlands | B32: 6.71 | C32: 6.71 | D32: 6.88 | E32: 7.26 | F32: 6.41 | G32: 6.63 | H32: 7.75 | I32: 6.46 | J32: 6.17 | K32: 7.84
A33: Austria | B33: 6.08 | C33: 5.6 | D33: 4.96 | E33: 6.03 | F33: 6.41 | G33: 6 | H33: 6.26 | I33: 6.29 | J33: 5.73 | K33: 6.6
A34: Poland | B34: 3.65 | C34: 3.91 | D34: 3.06 | E34: 3.4 | F34: 4.36 | G34: 4.1 | H34: 4.35 | I34: 4.41 | J34: 4.26 | K34: 4.45
A35: Portugal | B35: 2.34 | C35: 2.46 | D35: 3.04 | E35: 3.27 | F35: 3.26 | G35: 3 | H35: 2.33 | I35: 1.91 | J35: 3.35 | K35: 3.15
A36: Romania | B36: 3.77 | C36: 4.19 | D36: 4.42 | E36: 4.19 | F36: 2.58 | G36: 4.41 | H36: 4.01 | I36: 4.01 | J36: 4.71 | K36: 5.47
A37: Slovenia | B37: 4.78 | C37: 4.81 | D37: 4.19 | E37: 4.85 | F37: 5.5 | G37: 5.45 | H37: 4.99 | I37: 4.6 | J37: 4.83 | K37: :
A38: Slovakia | B38: 5.29 | C38: 4.53 | D38: 3.9 | E38: 4.81 | F38: 5.18 | G38: 5.06 | H38: 5.1 | I38: 5.28 | J38: 4.72 | K38: 6.12
A39: Finland | B39: 3.68 | C39: 4.12 | D39: 3.34 | E39: 4.28 | F39: 3.56 | G39: 2.69 | H39: 3.86 | I39: 3.17 | J39: 3.66 | K39: 3.74
A40: Sweden | B40: 4.82 | C40: 5.29 | D40: 3.03 | E40: 5.3 | F40: 5.17 | G40: 3.92 | H40: 5.49 | I40: 3.29 | J40: 4.44 | K40: 4.85
A41: Iceland | B41: : | C41: : | D41: 2.72 | E41: : | F41: 2.77 | G41: : | H41: 2.94 | I41: 2.57 | J41: : | K41: :
A42: Norway | B42: 4.56 | C42: 4.22 | D42: 2.95 | E42: 4.28 | F42: 4.58 | G42: 4.24 | H42: 4.45 | I42: 2.82 | J42: : | K42: :
A43: Switzerland | B43: 5.62 | C43: 7.41 | D43: 6.56 | E43: 7.12 | F43: 6.99 | G43: 6.13 | H43: 6.63 | I43: 6.2 | J43: 4.66 | K43: :
A44: United Kingdom | B44: 5.83 | C44: 6.03 | D44: 5.63 | E44: 6.84 | F44: 5.84 | G44: : | H44: : | I44: : | J44: : | K44: :
A45: Bosnia and Herzegovina | B45: 3.68 | C45: 3.67 | D45: 3.65 | E45: 3.6 | F45: 4.15 | G45: 4.05 | H45: 3.97 | I45: 3.76 | J45: : | K45: :
A46: Montenegro | B46: 2.8 | C46: 2.75 | D46: 2.77 | E46: 2.52 | F46: 2.88 | G46: 2.77 | H46: 2.65 | I46: 2.63 | J46: : | K46: :
A47: North Macedonia | B47: 3.55 | C47: 2.16 | D47: 3.11 | E47: 3.19 | F47: 3.32 | G47: 3.22 | H47: 3.07 | I47: 3.22 | J47: 3.28 | K47: 3.44
A48: Albania | B48: 2.89 | C48: 2.95 | D48: 2.84 | E48: 2.9 | F48: 3.35 | G48: 3.02 | H48: 3.4 | I48: 3.38 | J48: 3.16 | K48: :
A49: Serbia | B49: 4.3 | C49: 3.61 | D49: 3.88 | E49: 3.73 | F49: 4.61 | G49: 5.62 | H49: 4.82 | I49: 4.95 | J49: 5.28 | K49: 5.42
A50: Türkiye | B50: 2.43 | C50: 2.43 | D50: 2.75 | E50: 2.63 | F50: 2.73 | G50: 1.82 | H50: 2.73 | I50: 2.83 | J50: 2.53 | K50: :
A51: Kosovo* | B51: 3.07 | C51: 2.92 | D51: 2.63 | E51: 2.64 | F51: 2.91 | G51: 2.72 | H51: 2.85 | I51: 2.72 | J51: : | K51: :
A53: Special value
A54: : | B54: not available

Sheet Sheet 19
A1: Data extracted on 26/09/2025 16:39:20 from [ESTAT]
A2: Dataset: | B2: Crop production in EU standard humidity [apro_cpsh1__custom_18188015]
A3: Last updated: | B3: 17/09/2025 23:00
A5: Time frequency | C5: Annual
A6: Crops | C6: Oats
A7: Structure of production | C7: Area (cultivation/harvested/production) (1000 ha)
A9: TIME | B9: 2016 | C9: 2017 | D9: 2018 | E9: 2019 | F9: 2020 | G9: 2021 | H9: 2022 | I9: 2023 | J9: 2024 | K9: 2025
A10: GEO (Labels)
A11: European Union (EU6-1958, EU9-1973, EU10-1981, EU12-1986, EU15-1995, EU25-2004, EU27-2007, EU28-2013, EU27-2020) | B11: 2617.62 | C11: 2681.59 | D11: 2738.16 | E11: 2572.28 | F11: 2570.1 | G11: 2553.63 | H11: 2341.61 | I11: 2305.11 | J11: 2501.4 | K11: :
A12: European Union - 27 countries (from 2020) | B12: 2476.62 | C12: 2520.59 | D12: 2566.96 | E12: 2390.76 | F12: 2570.1 | G12: 2553.63 | H12: 2341.61 | I12: 2305.11 | J12: 2501.4 | K12: :
A13: European Union - 28 countries (2013-2020) | B13: 2617.62 | C13: 2681.59 | D13: 2738.16 | E13: 2572.28 | F13: : | G13: : | H13: : | I13: : | J13: : | K13: :
A14: Belgium | B14: 3.67 | C14: 4.04 | D14: 3.47 | E14: 3.86 | F14: 3.98 | G14: 3.61 | H14: 3.4 | I14: 2.93 | J14: 3.21 | K14: 4.45
A15: Bulgaria | B15: 15.32 | C15: 13.27 | D15: 11.34 | E15: 12.15 | F15: 13.4 | G15: 9.94 | H15: 11.44 | I15: 13.01 | J15: 23.58 | K15: 25
A16: Czechia | B16: 37.57 | C16: 44.07 | D16: 42.82 | E16: 42.53 | F16: 46.74 | G16: 57.72 | H16: 45.15 | I16: 43 | J16: 52.62 | K16: 68.24
A17: Denmark | B17: 53.1 | C17: 58.13 | D17: 82.89 | E17: 49.29 | F17: 74.75 | G17: 68.08 | H17: 61.84 | I17: 55.23 | J17: 51.91 | K17: 83.07
A18: Germany | B18: 115.5 | C18: 128.1 | D18: 140.4 | E18: 126.3 | F18: 157.1 | G18: 177.3 | H18: 160.1 | I18: 139.5 | J18: 156.2 | K18: 187.1
A19: Estonia | B19: 29.3 | C19: 33.65 | D19: 39.65 | E19: 37.26 | F19: 41.03 | G19: 40.01 | H19: 36.87 | I19: 35.72 | J19: 48.36 | K19: 48.74
A20: Ireland | B20: 23.21 | C20: 24.44 | D20: 17.78 | E20: 23.82 | F20: 25.44 | G20: 28.37 | H20: 28.18 | I20: 27.23 | J20: 29.78 | K20: 33.56
A21: Greece | B21: 96 | C21: 88.96 | D21: 80.06 | E21: 72.44 | F21: 67.51 | G21: 64.25 | H21: 62.5 | I21: 61.65 | J21: 58.82 | K21: 61.66
A22: Spain | B22: 509.85 | C22: 558.77 | D22: 556.5 | E22: 453.43 | F22: 506.17 | G22: 504 | H22: 459.12 | I22: 466.76 | J22: 515.19 | K22: 537.88
A23: France | B23: 85.33 | C23: 113.29 | D23: 91.83 | E23: 87.47 | F23: 98.41 | G23: 107.16 | H23: 96.8 | I23: 78.9 | J23: 78.49 | K23: 107.07
A24: Croatia | B24: 26.57 | C24: 23.14 | D24: 15.89 | E24: 18.5 | F24: 19.4 | G24: 17.06 | H24: 15.93 | I24: 13.15 | J24: 17 | K24: 15
A25: Italy | B25: 107.06 | C25: 108.46 | D25: 107.45 | E25: 103.79 | F25: 103.46 | G25: 99.49 | H25: 104.11 | I25: 102.6 | J25: 94.32 | K25: 97.19
A26: Cyprus | B26: 0.37 | C26: 0.25 | D26: 0.22 | E26: 0.22 | F26: 0.33 | G26: 0.3 | H26: 0.25 | I26: 0.34 | J26: 0.3 | K26: :
A27: Latvia | B27: 62.1 | C27: 54 | D27: 86.8 | E27: 83.2 | F27: 97.7 | G27: 87.2 | H27: 82 | I27: 94.7 | J27: 104.9 | K27: 102.5
A28: Lithuania | B28: 70.76 | C28: 75.99 | D28: 102.96 | E28: 86.11 | F28: 104.9 | G28: 92.41 | H28: 80.36 | I28: 91.75 | J28: 107.88 | K28: 113.58
A29: Luxembourg | B29: 1.09 | C29: 1.31 | D29: 1.24 | E29: 1.4 | F29: 1.59 | G29: 1.61 | H29: 1.73 | I29: 1.34 | J29: 1.27 | K29: :
A30: Hungary | B30: 36.31 | C30: 37.25 | D30: 22.63 | E30: 21.77 | F30: 25.76 | G30: 25.04 | H30: 16.9 | I30: 22.05 | J30: 25.38 | K30: 26.42
A31: Malta | B31: 0 | C31: 0 | D31: 0 | E31: 0 | F31: 0 | G31: 0 | H31: 0 | I31: 0 | J31: 0 | K31: :
A32: Netherlands | B32: 1.48 | C32: 1.46 | D32: 1.41 | E32: 1.43 | F32: 1.57 | G32: 1.38 | H32: 1.5 | I32: 1.66 | J32: 1.38 | K32: 1.3
A33: Austria | B33: 22.51 | C33: 23.25 | D33: 21.45 | E33: 20.6 | F33: 20.14 | G33: 24.36 | H33: 20.28 | I33: 17.62 | J33: 17.45 | K33: 20.42
A34: Poland | B34: 472.5 | C34: 491.24 | D34: 497.22 | E34: 495.5 | F34: 506.3 | G34: 527.41 | H34: 466.27 | I34: 497.69 | J34: 519 | K34: 530.21
A35: Portugal | B35: 42.41 | C35: 35.44 | D35: 37.33 | E35: 36.58 | F35: 37.27 | G35: 31.37 | H35: 22.99 | I35: 20.39 | J35: 19.5 | K35: 37.91
A36: Romania | B36: 170.35 | C36: 165.76 | D36: 161.48 | E36: 161.19 | F36: 101.34 | G36: 87.02 | H36: 78.45 | I36: 76.59 | J36: 78.1 | K36: 77.17
A37: Slovenia | B37: 1.33 | C37: 1.45 | D37: 1.25 | E37: 1.21 | F37: 0.95 | G37: 1.2 | H37: 1.01 | I37: 0.87 | J37: 0.76 | K37: :
A38: Slovakia | B38: 14.7 | C38: 14.82 | D38: 12.93 | E38: 12.09 | F38: 12.26 | G38: 16.34 | H38: 10.18 | I38: 9.69 | J38: 10.31 | K38: 12.3
A39: Finland | B39: 304.9 | C39: 269.5 | D39: 288.7 | E39: 297.5 | F39: 324.5 | G39: 314.24 | H39: 320.5 | I39: 291.3 | J39: 328.26 | K39: 307.91
A40: Sweden | B40: 173.34 | C40: 150.58 | D40: 141.27 | E40: 141.13 | F40: 178.12 | G40: 166.75 | H40: 153.76 | I40: 139.46 | J40: 157.44 | K40: 155.12
A41: Iceland | B41: 0 | C41: 0 | D41: 0 | E41: 0 | F41: 0 | G41: 0 | H41: 0.1 | I41: 0.1 | J41: 0.1 | K41: :
A42: Norway | B42: 76.17 | C42: 67.62 | D42: 69.83 | E42: 55.1 | F42: 66.55 | G42: 68.52 | H42: 63.07 | I42: 68.45 | J42: : | K42: :
A43: Switzerland | B43: 1.68 | C43: 1.9 | D43: 1.63 | E43: 1.71 | F43: 1.79 | G43: 1.92 | H43: 2.82 | I43: 2.87 | J43: 2.16 | K43: 2.2
A44: United Kingdom | B44: 141 | C44: 161 | D44: 171.2 | E44: 181.52 | F44: 211.16 | G44: : | H44: : | I44: : | J44: : | K44: :
A45: Bosnia and Herzegovina | B45: 10.43 | C45: 9.4 | D45: 10.2 | E45: 10.21 | F45: 10.71 | G45: 10.02 | H45: 11.61 | I45: 10.2 | J45: : | K45: :
A46: Montenegro | B46: 0.21 | C46: 0.21 | D46: 0.21 | E46: 0.21 | F46: 0.23 | G46: 0.23 | H46: 0.23 | I46: 0.23 | J46: : | K46: :
A47: North Macedonia | B47: 3.61 | C47: 3.42 | D47: 3.59 | E47: 3.64 | F47: 3.49 | G47: 3.1 | H47: 2.89 | I47: 2.65 | J47: 2.59 | K47: 2.65
A48: Albania | B48: 14.7 | C48: 15.4 | D48: 16.5 | E48: 15.8 | F48: 15.55 | G48: 15.1 | H48: 15 | I48: 14.9 | J48: 13.87 | K48: :
A49: Serbia | B49: 28 | C49: 28.5 | D49: 26.11 | E49: 22.67 | F49: 17.12 | G49: 17.73 | H49: 14.5 | I49: 17.03 | J49: 14.33 | K49: 13.04
A50: Türkiye | B50: 99 | C50: 113 | D50: 106 | E50: 111 | F50: 114 | G50: 137 | H50: 137 | I50: 135 | J50: 142 | K50: :
A51: Kosovo* | B51: 2.2 | C51: 2.3 | D51: 1.8 | E51: 2 | F51: : | G51: 2.03 | H51: 2.04 | I51: 2.06 | J51: : | K51: :
A53: Special value
A54: : | B54: not available

Sheet Sheet 20
A1: Data extracted on 26/09/2025 16:39:20 from [ESTAT]
A2: Dataset: | B2: Crop production in EU standard humidity [apro_cpsh1__custom_18188015]
A3: Last updated: | B3: 17/09/2025 23:00
A5: Time frequency | C5: Annual
A6: Crops | C6: Oats
A7: Structure of production | C7: Harvested production in EU standard humidity (1000 t)
A9: TIME | B9: 2016 | C9: 2017 | D9: 2018 | E9: 2019 | F9: 2020 | G9: 2021 | H9: 2022 | I9: 2023 | J9: 2024 | K9: 2025
A10: GEO (Labels)
A11: European Union (EU6-1958, EU9-1973, EU10-1981, EU12-1986, EU15-1995, EU25-2004, EU27-2007, EU28-2013, EU27-2020) | B11: 8158.84 | C11: 8195.29 | D11: 7776.22 | E11: 8028.01 | F11: 8525.49 | G11: 7500.53 | H11: 7459.21 | I11: 5888.11 | J11: 7780.98 | K11: :
A12: European Union - 27 countries (from 2020) | B12: 7352.33 | C12: 7330.46 | D12: 6935.9 | E12: 6964.92 | F12: 8525.49 | G12: 7500.53 | H12: 7459.21 | I12: 5888.11 | J12: 7780.98 | K12: :
A13: European Union - 28 countries (2013-2020) | B13: 8158.84 | C13: 8195.29 | D13: 7776.22 | E13: 8028.01 | F13: : | G13: : | H13: : | I13: : | J13: : | K13: :
A14: Belgium | B14: 16.46 | C14: 18.43 | D14: 18.56 | E14: 20.17 | F14: 18.24 | G14: 16.5 | H14: 17.92 | I14: 11.44 | J14: 14.45 | K14: 13.21
A15: Bulgaria | B15: 32.32 | C15: 33 | D15: 25.01 | E15: 31.51 | F15: 31.66 | G15: 24.26 | H15: 25.8 | I15: 31.02 | J15: 56.92 | K15: 57.95
A16: Czechia | B16: 132.22 | C16: 142.44 | D16: 152.66 | E16: 134.41 | F16: 183.36 | G16: 194.75 | H16: 168 | I16: 118.59 | J16: 200.64 | K16: 249.57
A17: Denmark | B17: 274.57 | C17: 318.42 | D17: 286.56 | E17: 247.28 | F17: 425.66 | G17: 331.06 | H17: 352.1 | I17: 208.1 | J17: 253.68 | K17: 476.21
A18: Germany | B18: 535.9 | C18: 576.5 | D18: 577.6 | E18: 519.3 | F18: 721.9 | G18: 766.5 | H18: 754.7 | I18: 452 | J18: 696.8 | K18: 830.5
A19: Estonia | B19: 64.5 | C19: 89.39 | D19: 78.38 | E19: 97.29 | F19: 117.95 | G19: 77.5 | H19: 100.43 | I19: 80.69 | J19: 134.9 | K19: 115.58
A20: Ireland | B20: 173.95 | C20: 193.69 | D20: 117.86 | E20: 193.03 | F20: 180.26 | G20: 229.46 | H20: 234.58 | I20: 195.12 | J20: 223.31 | K20: 252.79
A21: Greece | B21: 123.44 | C21: 95.08 | D21: 80.72 | E21: 79.29 | F21: 77.55 | G21: 83.94 | H21: 61.18 | I21: 69.19 | J21: 73.6 | K21: 68.12
A22: Spain | B22: 1155.3 | C22: 877.58 | D22: 1547.46 | E22: 841.2 | F22: 1377.69 | G22: 1194.5 | H22: 867.85 | I22: 464.14 | J22: 1195.65 | K22: 1360.08
A23: France | B23: 341.86 | C23: 531.09 | D23: 423.25 | E23: 402.42 | F23: 387.02 | G23: 479.91 | H23: 379 | I23: 337.34 | J23: 304.71 | K23: 459.65
A24: Croatia | B24: 80.41 | C24: 69.13 | D24: 45.35 | E24: 58.25 | F24: 66.1 | G24: 59.52 | H24: 48.53 | I24: 34.11 | J24: 55.64 | K24: 48.56
A25: Italy | B25: 267.47 | C25: 235.01 | D25: 249.7 | E25: 244.31 | F25: 249.03 | G25: 239.53 | H25: 248.59 | I25: 231.43 | J25: 211.98 | K25: 235.78
A26: Cyprus | B26: 0.35 | C26: 0.49 | D26: 0.4 | E26: 0.22 | F26: 0.36 | G26: 0.39 | H26: 0.43 | I26: 0.5 | J26: 0.43 | K26: :
A27: Latvia | B27: 146.1 | C27: 134 | D27: 188.2 | E27: 237.8 | F27: 287.9 | G27: 182.9 | H27: 224.5 | I27: 200.3 | J27: 263.1 | K27: 285
A28: Lithuania | B28: 155.07 | C28: 195.93 | D28: 182.44 | E28: 177.87 | F28: 275.57 | G28: 170.25 | H28: 186.1 | I28: 194.67 | J28: 236.7 | K28: 234.55
A29: Luxembourg | B29: 5.37 | C29: 6 | D29: 7.16 | E29: 7.23 | F29: 8.19 | G29: 6.82 | H29: 8.65 | I29: 4.79 | J29: 6.09 | K29: :
A30: Hungary | B30: 103.64 | C30: 94.81 | D30: 59.31 | E30: 70.31 | F30: 76.97 | G30: 76.69 | H30: 38.39 | I30: 60.58 | J30: 78.64 | K30: 79.99
A31: Malta | B31: 0 | C31: 0 | D31: 0 | E31: 0 | F31: 0 | G31: 0 | H31: 0 | I31: 0 | J31: 0 | K31: :
A32: Netherlands | B32: 7.09 | C32: 6.61 | D32: 6.89 | E32: 8.36 | F32: 7.58 | G32: 7.27 | H32: 8.59 | I32: 6.39 | J32: 6.04 | K32: 7.34
A33: Austria | B33: 94.28 | C33: 76.23 | D33: 74.28 | E33: 77.35 | F33: 83.97 | G33: 89.44 | H33: 85.2 | I33: 60.38 | J33: 68 | K33: 88.03
A34: Poland | B34: 1332.83 | C34: 1437.36 | D34: 1144.36 | E34: 1209.58 | F34: 1646.72 | G34: 1625.1 | H34: 1500.84 | I34: 1503.44 | J34: 1616.91 | K34: 1730.99
A35: Portugal | B35: 68.07 | C35: 47.46 | D35: 57.72 | E35: 51.55 | F35: 48.63 | G35: 39.38 | H35: 21.87 | I35: 14.62 | J35: 24.86 | K35: 44.12
A36: Romania | B36: 381.36 | C36: 407.8 | D36: 383.72 | E36: 361.57 | F36: 196.66 | G36: 209.85 | H36: 171.6 | I36: 155.2 | J36: 184.41 | K36: 203.88
A37: Slovenia | B37: 4.33 | C37: 4.64 | D37: 3.4 | E37: 4.03 | F37: 3.23 | G37: 4.12 | H37: 3.16 | I37: 2.51 | J37: 2.42 | K37: :
A38: Slovakia | B38: 35.59 | C38: 34.94 | D38: 29.88 | E38: 31.9 | F38: 33.04 | G38: 36.62 | H38: 24.19 | I38: 20.33 | J38: 27.11 | K38: 35.1
A39: Finland | B39: 1048.34 | C39: 1028.05 | D39: 831.52 | E39: 1187.48 | F39: 1212.66 | G39: 803.06 | H39: 1192.21 | I39: 1019.72 | J39: 1221.58 | K39: 1219.57
A40: Sweden | B40: 771.5 | C40: 676.4 | D40: 363.5 | E40: 671.2 | F40: 807.6 | G40: 551.2 | H40: 734.8 | I40: 411.5 | J40: 622.4 | K40: 648.4
A41: Iceland | B41: 0 | C41: 0 | D41: 0 | E41: 1 | F41: 0 | G41: 0 | H41: 0.3 | I41: 0.2 | J41: 0.1 | K41: :
A42: Norway | B42: 354.52 | C42: 279.42 | D42: 154.8 | E42: 227.16 | F42: 315 | G42: 265.86 | H42: 287.62 | I42: 176.92 | J42: : | K42: :
A43: Switzerland | B43: 7.19 | C43: 10.33 | D43: 8.35 | E43: 9.76 | F43: 9.01 | G43: 7.44 | H43: 12.79 | I43: 12.9 | J43: 7.57 | K43: :
A44: United Kingdom | B44: 806.51 | C44: 864.83 | D44: 840.31 | E44: 1063.08 | F44: 1004.1 | G44: : | H44: : | I44: : | J44: : | K44: :
A45: Bosnia and Herzegovina | B45: 28.98 | C45: 27.28 | D45: 26.82 | E45: 27.55 | F45: 34.34 | G45: 34.65 | H45: 38.87 | I45: 32.08 | J45: : | K45: :
A46: Montenegro | B46: 0.56 | C46: 0.56 | D46: 0.57 | E46: 0.61 | F46: 0.61 | G46: 0.6 | H46: 0.61 | I46: 0.71 | J46: : | K46: :
A47: North Macedonia | B47: 7.7 | C47: 5.48 | D47: 7.42 | E47: 6.79 | F47: 6.41 | G47: 5.63 | H47: 5.3 | I47: 4.32 | J47: 3.73 | K47: 4.89
A48: Albania | B48: 32 | C48: 34.1 | D48: 34.9 | E48: 33.4 | F48: 35.58 | G48: 33.3 | H48: 34.2 | I48: 34.4 | J48: 31.95 | K48: :
A49: Serbia | B49: 81 | C49: 69.5 | D49: 74.71 | E49: 56.24 | F49: 52.14 | G49: 55.95 | H49: 42.19 | I49: 49.7 | J49: 42.24 | K49: 42.6
A50: Türkiye | B50: 235.2 | C50: 261.34 | D50: 270.58 | E50: 275.67 | F50: 327.87 | G50: 289.24 | H50: 379.04 | I50: 429.16 | J50: 408.28 | K50: :
A51: Kosovo* | B51: 5.4 | C51: 4.9 | D51: 2.8 | E51: 4 | F51: : | G51: 4.5 | H51: 4.72 | I51: 4.55 | J51: : | K51: :
A53: Special value
A54: : | B54: not available

Sheet Sheet 21
A1: Data extracted on 26/09/2025 16:39:20 from [ESTAT]
A2: Dataset: | B2: Crop production in EU standard humidity [apro_cpsh1__custom_18188015]
A3: Last updated: | B3: 17/09/2025 23:00
A5: Time frequency | C5: Annual
A6: Crops | C6: Oats
A7: Structure of production | C7: Yield in EU standard humidity (tonne/ha)
A9: TIME | B9: 2016 | C9: 2017 | D9: 2018 | E9: 2019 | F9: 2020 | G9: 2021 | H9: 2022 | I9: 2023 | J9: 2024 | K9: 2025
A10: GEO (Labels)
A11: European Union (EU6-1958, EU9-1973, EU10-1981, EU12-1986, EU15-1995, EU25-2004, EU27-2007, EU28-2013, EU27-2020) | B11: : | C11: : | D11: : | E11: : | F11: : | G11: : | H11: : | I11: : | J11: : | K11: :
A12: European Union - 27 countries (from 2020) | B12: : | C12: : | D12: : | E12: : | F12: : | G12: : | H12: : | I12: : | J12: : | K12: :
A13: European Union - 28 countries (2013-2020) | B13: : | C13: : | D13: : | E13: : | F13: : | G13: : | H13: : | I13: : | J13: : | K13: :
A14: Belgium | B14: 4.49 | C14: 4.56 | D14: 5.46 | E14: 5.22 | F14: 4.59 | G14: 4.57 | H14: 5.27 | I14: 3.9 | J14: 4.52 | K14: 2.97
A15: Bulgaria | B15: 2.11 | C15: 2.49 | D15: 2.21 | E15: 2.59 | F15: 2.39 | G15: 2.47 | H15: 2.26 | I15: 2.43 | J15: 2.41 | K15: 2.32
A16: Czechia | B16: 3.52 | C16: 3.23 | D16: 3.56 | E16: 3.16 | F16: 3.92 | G16: 3.37 | H16: 3.72 | I16: 2.76 | J16: 3.81 | K16: 3.66
A17: Denmark | B17: 5.18 | C17: 5.48 | D17: 3.46 | E17: 5.02 | F17: 5.7 | G17: 4.86 | H17: 5.69 | I17: 3.77 | J17: 4.89 | K17: 5.73
A18: Germany | B18: 4.64 | C18: 4.5 | D18: 4.11 | E18: 4.11 | F18: 4.6 | G18: 4.32 | H18: 4.71 | I18: 3.24 | J18: 4.46 | K18: 4.44
A19: Estonia | B19: 2.2 | C19: 2.66 | D19: 1.98 | E19: 2.61 | F19: 2.88 | G19: 1.94 | H19: 2.72 | I19: 2.26 | J19: 2.79 | K19: 2.37
A20: Ireland | B20: 7.5 | C20: 7.93 | D20: 6.63 | E20: 8.11 | F20: 7.09 | G20: 8.09 | H20: 8.32 | I20: 7.16 | J20: 7.5 | K20: 7.53
A21: Greece | B21: 1.29 | C21: 1.07 | D21: 1.01 | E21: 1.1 | F21: 1.15 | G21: 1.31 | H21: 0.98 | I21: 1.12 | J21: 1.25 | K21: 1.1
A22: Spain | B22: 2.27 | C22: 1.57 | D22: 2.78 | E22: 1.86 | F22: 2.72 | G22: 2.37 | H22: 1.89 | I22: 0.99 | J22: 2.32 | K22: 2.53
A23: France | B23: 4.01 | C23: 4.7 | D23: 4.61 | E23: 4.6 | F23: 3.93 | G23: 4.48 | H23: 3.9 | I23: 4.28 | J23: 3.88 | K23: 4.29
A24: Croatia | B24: 3 | C24: 2.93 | D24: 2.83 | E24: 3.15 | F24: 3.41 | G24: 3.49 | H24: 3.05 | I24: 2.59 | J24: 3.28 | K24: 3.24
A25: Italy | B25: 2.49 | C25: 2.33 | D25: 2.46 | E25: 2.42 | F25: 2.41 | G25: 2.41 | H25: 2.39 | I25: 2.26 | J25: 2.25 | K25: 2.43
A26: Cyprus | B26: 0.96 | C26: 1.98 | D26: 1.85 | E26: 0.97 | F26: 1.08 | G26: 1.29 | H26: 1.73 | I26: 1.49 | J26: 1.44 | K26: :
A27: Latvia | B27: 2.35 | C27: 2.48 | D27: 2.17 | E27: 2.86 | F27: 2.95 | G27: 2.1 | H27: 2.74 | I27: 2.12 | J27: 2.51 | K27: 2.78
A28: Lithuania | B28: 2.19 | C28: 2.58 | D28: 1.77 | E28: 2.07 | F28: 2.63 | G28: 1.84 | H28: 2.32 | I28: 2.12 | J28: 2.19 | K28: 2.07
A29: Luxembourg | B29: 4.9 | C29: 4.58 | D29: 5.79 | E29: 5.16 | F29: 5.16 | G29: 4.24 | H29: 4.99 | I29: 3.58 | J29: 4.81 | K29: :
A30: Hungary | B30: 2.85 | C30: 2.55 | D30: 2.62 | E30: 3.23 | F30: 2.99 | G30: 3.06 | H30: 2.27 | I30: 2.75 | J30: 3.1 | K30: 3.03
A31: Malta | B31: : | C31: : | D31: : | E31: : | F31: : | G31: : | H31: : | I31: : | J31: : | K31: :
A32: Netherlands | B32: 5.85 | C32: 4.5 | D32: 4.88 | E32: 5.85 | F32: 4.84 | G32: 5.26 | H32: 5.83 | I32: 3.81 | J32: 4.37 | K32: 5.65
A33: Austria | B33: 4.19 | C33: 3.28 | D33: 3.46 | E33: 3.76 | F33: 4.17 | G33: 3.67 | H33: 4.2 | I33: 3.43 | J33: 3.9 | K33: 4.31
A34: Poland | B34: 2.79 | C34: 2.92 | D34: 2.31 | E34: 2.44 | F34: 3.25 | G34: 3.08 | H34: 3.22 | I34: 3.02 | J34: 3.11 | K34: 3.26
A35: Portugal | B35: 1.61 | C35: 1.34 | D35: 1.55 | E35: 1.41 | F35: 1.3 | G35: 1.26 | H35: 0.95 | I35: 0.72 | J35: 1.27 | K35: 1.16
A36: Romania | B36: 2.24 | C36: 2.46 | D36: 2.38 | E36: 2.24 | F36: 1.94 | G36: 2.41 | H36: 2.19 | I36: 2.03 | J36: 2.36 | K36: 2.64
A37: Slovenia | B37: 3.25 | C37: 3.21 | D37: 2.73 | E37: 3.34 | F37: 3.4 | G37: 3.45 | H37: 3.13 | I37: 2.88 | J37: 3.17 | K37: :
A38: Slovakia | B38: 2.79 | C38: 2.36 | D38: 2.32 | E38: 2.62 | F38: 2.71 | G38: 2.24 | H38: 2.38 | I38: 2.1 | J38: 2.63 | K38: 2.85
A39: Finland | B39: 3.43 | C39: 3.81 | D39: 2.88 | E39: 3.99 | F39: 3.74 | G39: 2.55 | H39: 3.72 | I39: 3.5 | J39: 3.72 | K39: 3.96
A40: Sweden | B40: 4.45 | C40: 4.49 | D40: 2.57 | E40: 4.76 | F40: 4.53 | G40: 3.31 | H40: 4.78 | I40: 2.95 | J40: 3.95 | K40: 4.18
A41: Iceland | B41: : | C41: : | D41: : | E41: : | F41: : | G41: : | H41: 2.97 | I41: : | J41: : | K41: :
A42: Norway | B42: 4.66 | C42: 4.15 | D42: 2.21 | E42: 4.12 | F42: 4.73 | G42: 3.88 | H42: 4.56 | I42: 2.58 | J42: : | K42: :
A43: Switzerland | B43: 4.27 | C43: 5.44 | D43: 5.13 | E43: 5.7 | F43: 5.03 | G43: 3.88 | H43: 4.54 | I43: 4.49 | J43: 3.54 | K43: :
A44: United Kingdom | B44: 5.73 | C44: 5.34 | D44: 4.94 | E44: 5.86 | F44: 4.75 | G44: : | H44: : | I44: : | J44: : | K44: :
A45: Bosnia and Herzegovina | B45: 2.78 | C45: 2.9 | D45: 2.63 | E45: 2.7 | F45: 3.21 | G45: 3.46 | H45: 3.35 | I45: 3.15 | J45: : | K45: :
A46: Montenegro | B46: 2.72 | C46: 2.65 | D46: 2.69 | E46: 2.86 | F46: 2.61 | G46: 2.66 | H46: 2.64 | I46: 3.03 | J46: : | K46: :
A47: North Macedonia | B47: : | C47: 1.61 | D47: 2.07 | E47: 1.87 | F47: 1.84 | G47: 1.82 | H47: 1.84 | I47: 1.63 | J47: 1.44 | K47: 1.85
A48: Albania | B48: 2.16 | C48: 2.19 | D48: 2.11 | E48: 2.11 | F48: 2.29 | G48: 2.2 | H48: 2.27 | I48: 2.31 | J48: 2.3 | K48: :
A49: Serbia | B49: 2.95 | C49: 2.44 | D49: 2.86 | E49: 2.48 | F49: 3.05 | G49: 3.16 | H49: 2.9 | I49: 2.92 | J49: 2.95 | K49: 3.27
A50: Türkiye | B50: 2.4 | C50: 2.4 | D50: 2.6 | E50: 2.51 | F50: 2.92 | G50: 2.09 | H50: 2.71 | I50: 3.13 | J50: 2.92 | K50: :
A51: Kosovo* | B51: 2.52 | C51: 2.1 | D51: 1.53 | E51: 2 | F51: : | G51: 2.22 | H51: 2.31 | I51: 2.21 | J51: : | K51: :
A53: Special value
A54: : | B54: not available

Sheet Sheet 22
A1: Data extracted on 26/09/2025 16:39:20 from [ESTAT]
A2: Dataset: | B2: Crop production in EU standard humidity [apro_cpsh1__custom_18188015]
A3: Last updated: | B3: 17/09/2025 23:00
A5: Time frequency | C5: Annual
A6: Crops | C6: Grain maize and corn-cob-mix
A7: Structure of production | C7: Area (cultivation/harvested/production) (1000 ha)
A9: TIME | B9: 2016 | C9: 2017 | D9: 2018 | E9: 2019 | F9: 2020 | G9: 2021 | H9: 2022 | I9: 2023 | J9: 2024 | K9: 2025
A10: GEO (Labels)
A11: European Union (EU6-1958, EU9-1973, EU10-1981, EU12-1986, EU15-1995, EU25-2004, EU27-2007, EU28-2013, EU27-2020) | B11: 8546.42 | C11: 8271.64 | D11: 8259.47 | E11: 8917.64 | F11: 9254.04 | G11: 9247 | H11: 8838.73 | I11: 8298.97 | J11: 8815.33 | K11: :
A12: European Union - 27 countries (from 2020) | B12: 8541.42 | C12: 8266.64 | D12: 8252.47 | E12: 8910.74 | F12: 9254.04 | G12: 9247 | H12: 8838.73 | I12: 8298.97 | J12: 8815.33 | K12: :
A13: European Union - 28 countries (2013-2020) | B13: 8546.42 | C13: 8271.64 | D13: 8259.47 | E13: 8917.64 | F13: : | G13: : | H13: : | I13: : | J13: : | K13: :
A14: Belgium | B14: 52.1 | C14: 49 | D14: 53.99 | E14: 48.64 | F14: 51.88 | G14: 48.22 | H14: 62.87 | I14: 52.65 | J14: 60.25 | K14: :
A15: Bulgaria | B15: 406.94 | C15: 398.15 | D15: 444.62 | E15: 560.91 | F15: 581.53 | G15: 573.02 | H15: 520.46 | I15: 534.64 | J15: 502.97 | K15: 418
A16: Czechia | B16: 86.41 | C16: 86 | D16: 81.85 | E16: 74.83 | F16: 87.23 | G16: 102.44 | H16: 80.45 | I16: 64.37 | J16: 87.48 | K16: 81.69
A17: Denmark | B17: 5.7 | C17: 5.1 | D17: 6.3 | E17: 5.4 | F17: 6.2 | G17: 6.4 | H17: 8.4 | I17: 7.5 | J17: 9.1 | K17: 8.59
A18: Germany | B18: 416.3 | C18: 432 | D18: 410.9 | E18: 416 | F18: 419.3 | G18: 430.7 | H18: 456.7 | I18: 466.4 | J18: 498.4 | K18: 484.5
A19: Estonia | B19: 0 | C19: 0 | D19: 0 | E19: 0 | F19: 0 | G19: 0 | H19: 0 | I19: 0 | J19: 0 | K19: :
A20: Ireland | B20: 0 | C20: 0 | D20: 0 | E20: 0 | F20: 0 | G20: 0 | H20: 0 | I20: 0 | J20: 0 | K20: 0
A21: Greece | B21: 139.48 | C21: 132.49 | D21: 113.45 | E21: 115.5 | F21: 116.78 | G21: 120.09 | H21: 126.75 | I21: 130.56 | J21: 112.74 | K21: 105.6
A22: Spain | B22: 359.28 | C22: 333.63 | D22: 322.37 | E22: 356.83 | F22: 343.78 | G22: 358.27 | H22: 314.29 | I22: 239.9 | J22: 280.59 | K22: 297.49
A23: France | B23: 1442.81 | C23: 1435.7 | D23: 1426.26 | E23: 1506.1 | F23: 1730.03 | G23: 1549.47 | H23: 1456.09 | I23: 1314.68 | J23: 1599.03 | K23: 1476.25
A24: Croatia | B24: 252.07 | C24: 247.12 | D24: 235.35 | E24: 255.89 | F24: 288.4 | G24: 287.98 | H24: 268.05 | I24: 269.09 | J24: 272 | K24: 274
A25: Italy | B25: 660.73 | C25: 645.74 | D25: 591.21 | E25: 628.8 | F25: 602.86 | G25: 588.6 | H25: 563.7 | I25: 498.45 | J25: 495.35 | K25: 508.23
A26: Cyprus | B26: 0 | C26: 0 | D26: 0 | E26: 0 | F26: 0 | G26: 0 | H26: 0 | I26: 0 | J26: 0 | K26: :
A27: Latvia | B27: 0 | C27: 0 | D27: 0 | E27: 0 | F27: 0 | G27: 0 | H27: 0 | I27: 0 | J27: 0 | K27: 0
A28: Lithuania | B28: 12.43 | C28: 9.93 | D28: 13.39 | E28: 12.77 | F28: 20.2 | G28: 17.87 | H28: 18.8 | I28: 11.26 | J28: 14.19 | K28: 11.7
A29: Luxembourg | B29: 0.13 | C29: 0.08 | D29: 0.09 | E29: 0.14 | F29: 0.12 | G29: 0.07 | H29: 0.18 | I29: 0.17 | J29: 0.25 | K29: :
A30: Hungary | B30: 1011.56 | C30: 988.82 | D30: 939.08 | E30: 1027.59 | F30: 981.01 | G30: 1054.57 | H30: 816.64 | I30: 770.69 | J30: 882.6 | K30: 846.2
A31: Malta | B31: 0 | C31: 0 | D31: 0 | E31: 0 | F31: 0 | G31: 0 | H31: 0 | I31: 0 | J31: 0 | K31: :
A32: Netherlands | B32: 12.27 | C32: 12.25 | D32: 13.76 | E32: 19.01 | F32: 19.42 | G32: 17.2 | H32: 20.1 | I32: 14.8 | J32: 14.52 | K32: 12.42
A33: Austria | B33: 195.25 | C33: 209.48 | D33: 209.9 | E33: 220.69 | F33: 212.6 | G33: 218.2 | H33: 215.33 | I33: 212 | J33: 208.02 | K33: 222.77
A34: Poland | B34: 593.5 | C34: 562.11 | D34: 645.41 | E34: 664.95 | F34: 946.03 | G34: 998.47 | H34: 1196.03 | I34: 1255.63 | J34: 1276.73 | K34: 1222.48
A35: Portugal | B35: 88.61 | C35: 86.52 | D35: 83.36 | E35: 77.02 | F35: 72.99 | G35: 74.47 | H35: 74.64 | I35: 75.39 | J35: 64.8 | K35: 64.44
A36: Romania | B36: 2584.22 | C36: 2405.24 | D36: 2443.95 | E36: 2681.93 | F36: 2540.55 | G36: 2554.68 | H36: 2437.22 | I36: 2196.11 | J36: 2259.04 | K36: 1977.44
A37: Slovenia | B37: 36.39 | C37: 38.29 | D37: 37.08 | E37: 38.88 | F37: 39.83 | G37: 41.4 | H37: 41.56 | I37: 44.25 | J37: 41.86 | K37: :
A38: Slovakia | B38: 183.54 | C38: 187.81 | D38: 179.03 | E38: 197.24 | F38: 191.48 | G38: 203.16 | H38: 158.69 | I38: 138.45 | J38: 133.2 | K38: 158.28
A39: Finland | B39: 0 | C39: 0 | D39: 0 | E39: 0 | F39: 0 | G39: 0 | H39: 0 | I39: 0 | J39: 0 | K39: 0
A40: Sweden | B40: 1.71 | C40: 1.19 | D40: 1.11 | E40: 1.62 | F40: 1.85 | G40: 1.74 | H40: 1.77 | I40: 1.97 | J40: 2.21 | K40: 2.48
A41: Iceland | B41: 0 | C41: 0 | D41: 0 | E41: 0 | F41: 0 | G41: 0 | H41: 0 | I41: 0 | J41: 0 | K41: :
A42: Norway | B42: 0 | C42: 0 | D42: 0 | E42: 0 | F42: 0 | G42: 0 | H42: 0 | I42: 0 | J42: 0 | K42: :
A43: Switzerland | B43: 14.17 | C43: 15.19 | D43: 13.79 | E43: 16.01 | F43: 19.97 | G43: 12.5 | H43: 12.67 | I43: 15.65 | J43: 15.57 | K43: 15.7
A44: United Kingdom | B44: 5 | C44: 5 | D44: 7 | E44: 6.9 | F44: 9.02 | G44: : | H44: : | I44: : | J44: : | K44: :
A45: Bosnia and Herzegovina | B45: 191.4 | C45: 194.64 | D45: 191.62 | E45: 191.84 | F45: 200.54 | G45: 200.81 | H45: 115.6 | I45: 102.82 | J45: : | K45: :
A46: Montenegro | B46: 0.63 | C46: 0.64 | D46: 0.65 | E46: 0.64 | F46: 0.61 | G46: 0.62 | H46: 0.62 | I46: 0.64 | J46: : | K46: :
A47: North Macedonia | B47: 31.78 | C47: 32 | D47: 37.07 | E47: 34.67 | F47: 32.56 | G47: 30.83 | H47: 30.77 | I47: 29.08 | J47: 28.33 | K47: 31.8
A48: Albania | B48: 58.5 | C48: 58.1 | D48: 54.1 | E48: 55.1 | F48: 56.73 | G48: 58.3 | H48: 56.6 | I48: 55.6 | J48: 57.61 | K48: :
A49: Serbia | B49: 1010 | C49: 1002.3 | D49: 901.75 | E49: 962.08 | F49: 996.53 | G49: 1020.34 | H49: 952.22 | I49: 922.98 | J49: 987.49 | K49: 961.22
A50: Türkiye | B50: 680 | C50: 639 | D50: 592 | E50: 639 | F50: 691 | G50: 759 | H50: 912 | I50: 959 | J50: 790 | K50: :
A51: Kosovo* | B51: 41.5 | C51: 36 | D51: 38.5 | E51: 39.4 | F51: 39.68 | G51: 39.71 | H51: 39.8 | I51: 39.84 | J51: : | K51: :
A53: Special value
A54: : | B54: not available

Sheet Sheet 23
A1: Data extracted on 26/09/2025 16:39:20 from [ESTAT]
A2: Dataset: | B2: Crop production in EU standard humidity [apro_cpsh1__custom_18188015]
A3: Last updated: | B3: 17/09/2025 23:00
A5: Time frequency | C5: Annual
A6: Crops | C6: Grain maize and corn-cob-mix
A7: Structure of production | C7: Harvested production in EU standard humidity (1000 t)
A9: TIME | B9: 2016 | C9: 2017 | D9: 2018 | E9: 2019 | F9: 2020 | G9: 2021 | H9: 2022 | I9: 2023 | J9: 2024 | K9: 2025
A10: GEO (Labels)
A11: European Union (EU6-1958, EU9-1973, EU10-1981, EU12-1986, EU15-1995, EU25-2004, EU27-2007, EU28-2013, EU27-2020) | B11: 62736.77 | C11: 64703.95 | D11: 69036.44 | E11: 70134.05 | F11: 67305.3 | G11: 73015.22 | H11: 52970.67 | I11: 61035.3 | J11: 59300.7 | K11: :
A12: European Union - 27 countries (from 2020) | B12: 62717.01 | C12: 64682.21 | D12: 69004.81 | E12: 70099.29 | F12: 67305.3 | G12: 73015.22 | H12: 52970.67 | I12: 61035.3 | J12: 59300.7 | K12: :
A13: European Union - 28 countries (2013-2020) | B13: 62736.77 | C13: 64703.95 | D13: 69036.44 | E13: 70134.05 | F13: : | G13: : | H13: : | I13: : | J13: : | K13: :
A14: Belgium | B14: 389.05 | C14: 503.92 | D14: 376.55 | E14: 429.22 | F14: 421.01 | G14: 449.89 | H14: 500.39 | I14: 517.49 | J14: 555.43 | K14: :
A15: Bulgaria | B15: 2277.86 | C15: 2610.24 | D15: 3522.5 | E15: 4059.79 | F15: 3014.09 | G15: 3427.31 | H15: 2554.37 | I15: 2448.78 | J15: 1635.05 | K15: :
A16: Czechia | B16: 845.77 | C16: 588.11 | D16: 489.15 | E16: 620.26 | F16: 825.5 | G16: 988.04 | H16: 639.47 | I16: 507.54 | J16: 712.24 | K16: :
A17: Denmark | B17: 43.29 | C17: 38.45 | D17: 35.48 | E17: 40.82 | F17: 38.74 | G17: 45.27 | H17: 60.69 | I17: 40.82 | J17: 62.66 | K17: :
A18: Germany | B18: 4017.8 | C18: 4547.6 | D18: 3344.3 | E18: 3664.8 | F18: 4020 | G18: 4462.4 | H18: 3837.4 | I18: 4498.9 | J18: 5010.5 | K18: :
A19: Estonia | B19: 0 | C19: 0 | D19: 0 | E19: 0 | F19: 0 | G19: 0 | H19: 0 | I19: 0 | J19: 0 | K19: :
A20: Ireland | B20: 0 | C20: 0 | D20: 0 | E20: 0 | F20: 0 | G20: 0 | H20: 0 | I20: 0 | J20: 0 | K20: :
A21: Greece | B21: 1512.66 | C21: 1306.51 | D21: 1205.98 | E21: 1233.62 | F21: 1178.05 | G21: 1350.25 | H21: 1340.95 | I21: 1416.69 | J21: 1037.06 | K21: :
A22: Spain | B22: 4069.51 | C22: 3775.65 | D22: 3842.52 | E22: 4184.46 | F22: 4214.1 | G22: 4597.66 | H22: 3590.26 | I22: 2835.36 | J22: 3321.73 | K22: :
A23: France | B23: 11702.06 | C23: 14365.89 | D23: 12580.43 | E23: 12845.02 | F23: 13726.41 | G23: 15358.29 | H23: 10877.19 | I23: 12834.6 | J23: 14702.04 | K23: :
A24: Croatia | B24: 2154.47 | C24: 1559.64 | D24: 2147.28 | E24: 2298.32 | F24: 2430.6 | G24: 2242.12 | H24: 1641.89 | I24: 1991.27 | J24: 2093 | K24: :
A25: Italy | B25: 6861.77 | C25: 6068.19 | D25: 6199.15 | E25: 6279.12 | F25: 6793.13 | G25: 6079.96 | H25: 4697.17 | I25: 5348.7 | J25: 4940.53 | K25: :
... A41: Iceland | B41: 0 | C41: 0 | D41: 0 | E41: 0 | F41: 0 | G41: 0 | H41: 0 | I41: 0 | J41: 0 | K41: :
A42: Norway | B42: 0 | C42: 0 | D42: 0 | E42: 0 | F42: 0 | G42: 0 | H42: 0 | I42: 0 | J42: : | K42: :
A43: Switzerland | B43: 146.09 | C43: 164.34 | D43: 136.42 | E43: 176.66 | F43: 222.25 | G43: 99.36 | H43: 125.32 | I43: 135.14 | J43: 157.33 | K43: :
A44: United Kingdom | B44: 19.77 | C44: 21.74 | D44: 31.63 | E44: 34.76 | F44: 35.55 | G44: : | H44: : | I44: : | J44: : | K44: :
A45: Bosnia and Herzegovina | B45: 1192.13 | C45: 717.62 | D45: 1287.13 | E45: 1249.96 | F45: 1442.94 | G45: 903.51 | H45: 808.08 | I45: 725.01 | J45: : | K45: :
A46: Montenegro | B46: 2.68 | C46: 2.74 | D46: 2.77 | E46: 2.81 | F46: 2.58 | G46: 2.66 | H46: 2.85 | I46: 3.2 | J46: : | K46: :
A47: North Macedonia | B47: 148.74 | C47: 124.44 | D47: 192.94 | E47: 149.78 | F47: 151.43 | G47: 135.59 | H47: 148.69 | I47: 133.18 | J47: 130.41 | K47: :
A48: Albania | B48: 379.7 | C48: 381.1 | D48: 391.1 | E48: 389 | F48: 399.13 | G48: 414.3 | H48: 401.4 | I48: 409.1 | J48: 410.44 | K48: :
A49: Serbia | B49: 7377 | C49: 4018.4 | D49: 6964.77 | E49: 7344.54 | F49: 7872.61 | G49: 6027.13 | H49: 4283.29 | I49: 6630.98 | J49: 5107.3 | K49: :
A50: Türkiye | B50: 6191.63 | C50: 5707.91 | D50: 5481.28 | E50: 5825.58 | F50: 6311.05 | G50: 6554.75 | H50: 8252.91 | I50: 8739.34 | J50: 7863.56 | K50: :
A51: Kosovo* | B51: 186.6 | C51: 147.2 | D51: 151.9 | E51: 163.9 | F51: 175.18 | G51: 170.39 | H51: 175.23 | I51: 161.67 | J51: : | K51: :
A53: Special value
A54: : | B54: not available

Sheet Sheet 24
A1: Data extracted on 26/09/2025 16:39:20 from [ESTAT]
A2: Dataset: | B2: Crop production in EU standard humidity [apro_cpsh1__custom_18188015]
A3: Last updated: | B3: 17/09/2025 23:00
A5: Time frequency | C5: Annual
A6: Crops | C6: Grain maize and corn-cob-mix
A7: Structure of production | C7: Yield in EU standard humidity (tonne/ha)
A9: TIME | B9: 2016 | C9: 2017 | D9: 2018 | E9: 2019 | F9: 2020 | G9: 2021 | H9: 2022 | I9: 2023 | J9: 2024 | K9: 2025
A10: GEO (Labels)
A11: European Union (EU6-1958, EU9-1973, EU10-1981, EU12-1986, EU15-1995, EU25-2004, EU27-2007, EU28-2013, EU27-2020) | B11: : | C11: : | D11: : | E11: : | F11: : | G11: : | H11: : | I11: : | J11: : | K11: :
A12: European Union - 27 countries (from 2020) | B12: : | C12: : | D12: : | E12: : | F12: : | G12: : | H12: : | I12: : | J12: : | K12: :
A13: European Union - 28 countries (2013-2020) | B13: : | C13: : | D13: : | E13: : | F13: : | G13: : | H13: : | I13: : | J13: : | K13: :
A14: Belgium | B14: 7.47 | C14: 10.28 | D14: 7 | E14: 8.83 | F14: 8.11 | G14: 9.33 | H14: 7.96 | I14: 9.83 | J14: 9.18 | K14: :
A15: Bulgaria | B15: 5.6 | C15: 6.56 | D15: 7.92 | E15: 7.24 | F15: 5.18 | G15: 5.99 | H15: 4.91 | I15: 4.6 | J15: 3.25 | K15: :
A16: Czechia | B16: 9.79 | C16: 6.84 | D16: 5.98 | E16: 8.29 | F16: 9.46 | G16: 9.65 | H16: 7.95 | I16: 7.88 | J16: 8.14 | K16: :
A17: Denmark | B17: 7.59 | C17: 7.54 | D17: 5.63 | E17: 7.56 | F17: 6.25 | G17: 7.07 | H17: 7.23 | I17: 5.44 | J17: 6.89 | K17: :
A18: Germany | B18: 9.65 | C18: 10.53 | D18: 8.14 | E18: 8.81 | F18: 9.59 | G18: 10.36 | H18: 8.4 | I18: 9.65 | J18: 10.05 | K18: :
A19: Estonia | B19: : | C19: : | D19: : | E19: : | F19: : | G19: : | H19: : | I19: : | J19: : | K19: :
A20: Ireland | B20: : | C20: : | D20: : | E20: : | F20: : | G20: : | H20: : | I20: : | J20: : | K20: :
A21: Greece | B21: 10.84 | C21: 9.86 | D21: 10.63 | E21: 10.68 | F21: 10.09 | G21: 11.24 | H21: 10.58 | I21: 10.85 | J21: 9.2 | K21: :
A22: Spain | B22: 11.33 | C22: 11.32 | D22: 11.92 | E22: 11.73 | F22: 12.26 | G22: 12.83 | H22: 11.42 | I22: 11.82 | J22: 11.84 | K22: :
A23: France | B23: 8.11 | C23: 9.97 | D23: 8.79 | E23: 8.48 | F23: 7.94 | G23: 9.91 | H23: 7.45 | I23: 9.77 | J23: 9.2 | K23: :
A24: Croatia | B24: 8.5 | C24: 6.3 | D24: 9.13 | E24: 9.01 | F24: 8.43 | G24: 7.79 | H24: 6.13 | I24: 7.4 | J24: 7.69 | K24: :
A25: Italy | B25: 10.38 | C25: 9.88 | D25: 10.13 | E25: 10.05 | F25: 11.27 | G25: 10.33 | H25: 8.33 | I25: 10.73 | J25: 9.97 | K25: :
A26: Cyprus | B26: : | C26: : | D26: : | E26: : | F26: : | G26: : | H26: : | I26: : | J26: : | K26: :
A27: Latvia | B27: : | C27: : | D27: : | E27: : | F27: : | G27: : | H27: : | I27: : | J27: : | K27: :
A28: Lithuania | B28: 6.94 | C28: 5.74 | D28: 6.54 | E28: 7.67 | F28: 7.01 | G28: 5.86 | H28: 5.31 | I28: 8.12 | J28: 7.88 | K28: :
A29: Luxembourg | B29: 5.45 | C29: 7 | D29: 5.07 | E29: 4.62 | F29: 5.49 | G29: 6.41 | H29: 5.14 | I29: 5.58 | J29: 6.99 | K29: :
A30: Hungary | B30: 8.58 | C30: 6.78 | D30: 8.44 | E30: 8.01 | F30: 8.53 | G30: 6.09 | H30: 3.39 | I30: 8.1 | J30: 5.93 | K30: :
A31: Malta | B31: : | C31: : | D31: : | E31: : | F31: : | G31: : | H31: : | I31: : | J31: : | K31: :
A32: Netherlands | B32: 6.46 | C32: 10.16 | D32: 6.49 | E32: 7.8 | F32: 8.54 | G32: 9.96 | H32: 8.79 | I32: 10.14 | J32: 8.46 | K32: :
A33: Austria | B33: 11.16 | C33: 9.91 | D33: 10.15 | E33: 10.42 | F33: 11.35 | G33: 11.16 | H33: 9.82 | I33: 9.93 | J33: 9.9 | K33: :
A34: Poland | B34: 7.15 | C34: 7.02 | D34: 5.88 | E34: 5.52 | F34: 7.08 | G34: 7.33 | H34: 6.98 | I34: 7.15 | J34: 7.22 | K34: :
A35: Portugal | B35: 8.02 | C35: 8.61 | D35: 8.56 | E35: 9.8 | F35: 9.35 | G35: 10.1 | H35: 9.62 | I35: 10.18 | J35: 10.09 | K35: :
A36: Romania | B36: 4.16 | C36: 5.96 | D36: 7.64 | E36: 6.5 | F36: 3.97 | G36: 5.8 | H36: 3.3 | I36: 3.98 | J36: 2.86 | K36: :
A37: Slovenia | B37: 9.51 | C37: 7.11 | D37: 9.45 | E37: 9.27 | F37: 10.79 | G37: 9.39 | H37: 6.68 | I37: 8.79 | J37: 9.2 | K37: :
A38: Slovakia | B38: 7.76 | C38: 5.61 | D38: 8.41 | E38: 7.39 | F38: 8.29 | G38: 7.77 | H38: 4.31 | I38: 7.99 | J38: 7.23 | K38: :
A39: Finland | B39: : | C39: : | D39: : | E39: : | F39: : | G39: : | H39: : | I39: : | J39: : | K39: :
A40: Sweden | B40: 8.03 | C40: 7.33 | D40: 4.18 | E40: 6.96 | F40: 6.77 | G40: 8.56 | H40: 6.92 | I40: 7.96 | J40: 6.38 | K40: :
A41: Iceland | B41: : | C41: : | D41: : | E41: : | F41: : | G41: : | H41: : | I41: : | J41: : | K41: :
A42: Norway | B42: : | C42: : | D42: : | E42: : | F42: : | G42: : | H42: : | I42: : | J42: : | K42: :
A43: Switzerland | B43: 10.31 | C43: 10.82 | D43: 9.89 | E43: 11.03 | F43: 11.13 | G43: 7.95 | H43: 9.89 | I43: 8.63 | J43: 9.98 | K43: :
A44: United Kingdom | B44: 3.95 | C44: 4.65 | D44: 4.45 | E44: 5.05 | F44: 3.95 | G44: : | H44: : | I44: : | J44: : | K44: :
A45: Bosnia and Herzegovina | B45: 6.23 | C45: 3.7 | D45: 6.72 | E45: 6.52 | F45: 7.19 | G45: 4.5 | H45: 6.99 | I45: 7.05 | J45: : | K45: :
A46: Montenegro | B46: 4.27 | C46: 4.27 | D46: 4.3 | E46: 4.39 | F46: 4.22 | G46: 4.29 | H46: 4.59 | I46: 5.02 | J46: : | K46: :
A47: North Macedonia | B47: 4.68 | C47: 3.89 | D47: 5.21 | E47: 4.32 | F47: 4.65 | G47: 4.4 | H47: 4.83 | I47: 4.58 | J47: 4.6 | K47: :
A48: Albania | B48: 6.5 | C48: 6.11 | D48: 6.51 | E48: 6.44 | F48: 6.51 | G48: 6.48 | H48: 7.09 | I48: 7.36 | J48: 6.61 | K48: :
A49: Serbia | B49: 7.3 | C49: 4.01 | D49: 7.72 | E49: 7.63 | F49: 7.9 | G49: 5.91 | H49: 4.5 | I49: 7.18 | J49: 5.17 | K49: :
A50: Türkiye | B50: 9.09 | C50: 9.09 | D50: 9.23 | E50: 9.13 | F50: 9.13 | G50: 8.64 | H50: 9.03 | I50: 9.13 | J50: 10 | K50: :
A51: Kosovo* | B51: 4.49 | C51: 4.09 | D51: 3.95 | E51: 4.16 | F51: 4.41 | G51: 4.29 | H51: 4.4 | I51: 4.06 | J51: : | K51: :
A53: Special value
A54: : | B54: not available

Sheet Sheet 25
A1: Data extracted on 26/09/2025 16:39:20 from [ESTAT]
A2: Dataset: | B2: Crop production in EU standard humidity [apro_cpsh1__custom_18188015]
A3: Last updated: | B3: 17/09/2025 23:00
A5: Time frequency | C5: Annual
A6: Crops | C6: Triticale
A7: Structure of production | C7: Area (cultivation/harvested/production) (1000 ha)
A9: TIME | B9: 2016 | C9: 2017 | D9: 2018 | E9: 2019 | F9: 2020 | G9: 2021 | H9: 2022 | I9: 2023 | J9: 2024 | K9: 2025
A10: GEO (Labels)
A11: European Union (EU6-1958, EU9-1973, EU10-1981, EU12-1986, EU15-1995, EU25-2004, EU27-2007, EU28-2013, EU27-2020) | B11: 2911.25 | C11: 2758.83 | D11: 2610.46 | E11: 2766.93 | F11: 2754.07 | G11: 2654.71 | H11: 2585.09 | I11: 2550.71 | J11: 2360.46 | K11: :
A12: European Union - 27 countries (from 2020) | B12: 2900.25 | C12: 2748.83 | D12: 2600.26 | E12: 2753.93 | F12: 2754.07 | G12: 2654.71 | H12: 2585.09 | I12: 2550.71 | J12: 2360.46 | K12: :
A13: European Union - 28 countries (2013-2020) | B13: 2911.25 | C13: 2758.83 | D13: 2610.46 | E13: 2766.93 | F13: : | G13: : | H13: : | I13: : | J13: : | K13: :
A14: Belgium | B14: 5.99 | C14: 5.53 | D14: 5.59 | E14: 6.06 | F14: 5.08 | G14: 5.05 | H14: 4.38 | I14: 5.68 | J14: 4.04 | K14: 5.18
A15: Bulgaria | B15: 16.1 | C15: 18.66 | D15: 15.17 | E15: 15.2 | F15: 13.56 | G15: 15.94 | H15: 14.14 | I15: 35.15 | J15: 20.86 | K15: 21
A16: Czechia | B16: 39.6 | C16: 36.26 | D16: 37.85 | E16: 39.67 | F16: 42.1 | G16: 40.86 | H16: 40.57 | I16: 42.01 | J16: 44.05 | K16: 42.53
A17: Denmark | B17: 10.1 | C17: 9.2 | D17: 6.4 | E17: 8.6 | F17: 6.5 | G17: 6.9 | H17: 5.3 | I17: 4.3 | J17: 3.8 | K17: 6.15
A18: Germany | B18: 396.1 | C18: 389 | D18: 357.7 | E18: 358.2 | F18: 341.3 | G18: 328.3 | H18: 324.4 | I18: 311.5 | J18: 265.7 | K18: 288
A19: Estonia | B19: 5.7 | C19: 5.83 | D19: 3.34 | E19: 5.89 | F19: 5.94 | G19: 7.39 | H19: 5.13 | I19: 6.64 | J19: 6.37 | K19: :
A20: Ireland | B20: 0 | C20: 0 | D20: 0 | E20: 0 | F20: 0 | G20: 0 | H20: 0 | I20: 0 | J20: 0 | K20: 0
A21: Greece | B21: 21.11 | C21: 20.47 | D21: 17.09 | E21: 16 | F21: 14.65 | G21: 14.77 | H21: 13.96 | I21: 12.31 | J21: 12.46 | K21: 12.31
A22: Spain | B22: 227.79 | C22: 195.88 | D22: 213.09 | E22: 250.78 | F22: 257.11 | G22: 267.51 | H22: 280.35 | I22: 249.43 | J22: 243.78 | K22: 274.71
A23: France | B23: 331.65 | C23: 303.89 | D23: 283.81 | E23: 305.22 | F23: 261.63 | G23: 338.6 | H23: 339.7 | I23: 326.27 | J23: 255.16 | K23: 298.38
A24: Croatia | B24: 19.75 | C24: 17.29 | D24: 17.03 | E24: 17.46 | F24: 11.7 | G24: 9.39 | H24: 8.55 | I24: 9.19 | J24: 7.6 | K24: 9.1
A25: Italy | B25: 16.54 | C25: 17.45 | D25: 15.15 | E25: 14.18 | F25: 13.04 | G25: 13.21 | H25: 14.58 | I25: 16.27 | J25: 14.85 | K25: 13.25
A26: Cyprus | B26: 0.51 | C26: 0.34 | D26: 0.8 | E26: 0.68 | F26: 0.69 | G26: 0.7 | H26: 0.69 | I26: 0.63 | J26: 0.6 | K26: :
A27: Latvia | B27: 10.8 | C27: 7.5 | D27: 4.5 | E27: 7.6 | F27: 7 | G27: 7.7 | H27: 8 | I27: 7.1 | J27: 7.8 | K27: 9.7
A28: Lithuania | B28: 100.9 | C28: 75.82 | D28: 57.07 | E28: 105.41 | F28: 115.07 | G28: 74.51 | H28: 63.1 | I28: 67.22 | J28: 81.88 | K28: 89.53
A29: Luxembourg | B29: 4.61 | C29: 4.52 | D29: 4.67 | E29: 4.91 | F29: 4.52 | G29: 4.72 | H29: 4.67 | I29: 5.25 | J29: 4.76 | K29: :
A30: Hungary | B30: 115.87 | C30: 94.34 | D30: 87.57 | E30: 83.91 | F30: 73.81 | G30: 61.88 | H30: 55.34 | I30: 75.14 | J30: 56.63 | K30: 72.03
A31: Malta | B31: 0 | C31: 0 | D31: 0 | E31: 0 | F31: 0 | G31: 0 | H31: 0 | I31: 0 | J31: 0 | K31: :
A32: Netherlands | B32: 1.04 | C32: 1.23 | D32: 1.1 | E32: 1.33 | F32: 1.17 | G32: 1.2 | H32: 1.2 | I32: 1.45 | J32: 0.77 | K32: 1.23
A33: Austria | B33: 54.89 | C33: 55.24 | D33: 56.68 | E33: 59.82 | F33: 56.21 | G33: 49.95 | H33: 51.5 | I33: 53.1 | J33: 50.63 | K33: 47.48
A34: Poland | B34: 1373.5 | C34: 1352.01 | D34: 1287.97 | E34: 1314.79 | F34: 1390.71 | G34: 1281.6 | H34: 1232.71 | I34: 1201.18 | J34: 1147.03 | K34: 1122.53
A35: Portugal | B35: 21.09 | C35: 17.19 | D35: 16.38 | E35: 15.64 | F35: 14.94 | G35: 13.61 | H35: 15.35 | I35: 12.85 | J35: 13.49 | K35: 14.57
A36: Romania | B36: 82.59 | C36: 80.12 | D36: 78.99 | E36: 78.77 | F36: 73.97 | G36: 64.55 | H36: 56.99 | I36: 59.46 | J36: 74.04 | K36: 76.59
A37: Slovenia | B37: 5.29 | C37: 5.03 | D37: 5.67 | E37: 5.8 | F37: 5.59 | G37: 5.15 | H37: 5.17 | I37: 5.18 | J37: 4.85 | K37: :
A38: Slovakia | B38: 8.61 | C38: 9.08 | D38: 9.56 | E38: 10.03 | F38: 9.99 | G38: 9.02 | H38: 8.06 | I38: 8.65 | J38: 8.17 | K38: 8.9
A39: Finland | B39: 0 | C39: 0 | D39: 0 | E39: 0 | F39: 0 | G39: 2.5 | H39: 2.61 | I39: 5.6 | J39: 6.77 | K39: 9.43
A40: Sweden | B40: 30.15 | C40: 26.95 | D40: 17.1 | E40: 27.99 | F40: 27.81 | G40: 29.71 | H40: 28.64 | I40: 29.15 | J40: 24.38 | K40: 34.84
A41: Iceland | B41: 0 | C41: 0 | D41: 0 | E41: 0 | F41: 0 | G41: 0 | H41: 0 | I41: 0 | J41: 0 | K41: :
A42: Norway | B42: 0 | C42: 0 | D42: 0 | E42: 0 | F42: 0 | G42: 0 | H42: 0 | I42: : | J42: : | K42: :
A43: Switzerland | B43: 8.72 | C43: 8.52 | D43: 7.96 | E43: 7.68 | F43: 7.43 | G43: 7.43 | H43: 7.12 | I43: 6.52 | J43: 6.1 | K43: 6.2
A44: United Kingdom | B44: 11 | C44: 10 | D44: 10.2 | E44: 13 | F44: 13.51 | G44: : | H44: : | I44: : | J44: : | K44: :
A45: Bosnia and Herzegovina | B45: 13.49 | C45: 14.27 | D45: 14.73 | E45: 14.3 | F45: 14.21 | G45: 13.71 | H45: 3.02 | I45: 5.3 | J45: 7.98 | K45: :
A46: Montenegro | B46: 0 | C46: 0 | D46: 0 | E46: 0 | F46: 0 | G46: 0 | H46: 0 | I46: 0 | J46: 0 | K46: :
A47: North Macedonia | B47: : | C47: : | D47: : | E47: : | F47: : | G47: : | H47: : | I47: : | J47: : | K47: :
A48: Albania | B48: : | C48: 0 | D48: 0 | E48: 0 | F48: 0 | G48: 0 | H48: 0 | I48: 0 | J48: 0 | K48: 0
A49: Serbia | B49: 23 | C49: 26.7 | D49: 27.23 | E49: 25.73 | F49: 28.5 | G49: 24.75 | H49: 22.15 | I49: 24.66 | J49: 20.71 | K49: 23.18
A50: Türkiye | B50: 38 | C50: 46 | D50: 50 | E50: 63 | F50: 81 | G50: 95 | H50: 100 | I50: 110 | J50: 110 | K50: :
A51: Kosovo* | B51: : | C51: : | D51: 0 | E51: 0 | F51: 0 | G51: 0 | H51: 0 | I51: 0 | J51: : | K51: :
A53: Special value
A54: : | B54: not available

Sheet Sheet 26
A1: Data extracted on 26/09/2025 16:39:20 from [ESTAT]
A2: Dataset: | B2: Crop production in EU standard humidity [apro_cpsh1__custom_18188015]
A3: Last updated: | B3: 17/09/2025 23:00
A5: Time frequency | C5: Annual
A6: Crops | C6: Triticale
A7: Structure of production | C7: Harvested production in EU standard humidity (1000 t)
A9: TIME | B9: 2016 | C9: 2017 | D9: 2018 | E9: 2019 | F9: 2020 | G9: 2021 | H9: 2022 | I9: 2023 | J9: 2024 | K9: 2025
A10: GEO (Labels)
A11: European Union (EU6-1958, EU9-1973, EU10-1981, EU12-1986, EU15-1995, EU25-2004, EU27-2007, EU28-2013, EU27-2020) | B11: 11743.01 | C11: 11590.33 | D11: 9750.24 | E11: 11182.69 | F11: 12251.38 | G11: 11589.74 | H11: 11276.57 | I11: 10872.97 | J11: 10052.75 | K11: :
A12: European Union - 27 countries (from 2020) | B12: 11700.51 | C12: 11545.85 | D12: 9708.33 | E12: 11125.08 | F12: 12251.38 | G12: 11589.74 | H12: 11276.57 | I12: 10872.97 | J12: 10052.75 | K12: :
A13: European Union - 28 countries (2013-2020) | B13: 11743.01 | C13: 11590.33 | D13: 9750.24 | E13: 11182.69 | F13: : | G13: : | H13: : | I13: : | J13: : | K13: :
A14: Belgium | B14: 31.31 | C14: 33.55 | D14: 32.43 | E14: 40.07 | F14: 33.02 | G14: 32.04 | H14: 30.21 | I14: 34.33 | J14: 20.31 | K14: 22.99
A15: Bulgaria | B15: 51.04 | C15: 60.58 | D15: 41.2 | E15: 44.18 | F15: 41.45 | G15: 54.21 | H15: 42.95 | I15: 118.25 | J15: 67.42 | K15: 78.79
A16: Czechia | B16: 193.2 | C16: 177.25 | D16: 172.15 | E16: 195.41 | F16: 213.26 | G16: 193.45 | H16: 207.62 | I16: 209.13 | J16: 196.19 | K16: 216.6
A17: Denmark | B17: 55.55 | C17: 59.8 | D17: 37.16 | E17: 51.1 | F17: 41.41 | G17: 49.02 | H17: 33.41 | I17: 27.38 | J17: 23.62 | K17: 38.92
A18: Germany | B18: 2397.3 | C18: 2317 | D18: 1935.5 | E18: 2194.9 | F18: 2036.3 | G18: 1908.6 | H18: 1929.7 | I18: 1832.4 | J18: 1510.9 | K18: 1755
A19: Estonia | B19: 18.9 | C19: 26.45 | D19: 11.52 | E19: 35.21 | F19: 30.76 | G19: 27.69 | H19: 23.97 | I19: 24.67 | J19: 25.79 | K19: :
A20: Ireland | B20: 0 | C20: 0 | D20: 0 | E20: 0 | F20: 0 | G20: 0 | H20: 0 | I20: 0 | J20: 0 | K20: 0
A21: Greece | B21: 50.16 | C21: 43.42 | D21: 38.33 | E21: 38.09 | F21: 40.27 | G21: 36.94 | H21: 33.98 | I21: 32.32 | J21: 26.57 | K21: 29.11
A22: Spain | B22: 573.26 | C22: 370.32 | D22: 675.42 | E22: 599.97 | F22: 786.97 | G22: 787.82 | H22: 634.89 | I22: 288.19 | J22: 671.81 | K22: 875.52
A23: France | B23: 1403.69 | C23: 1560.95 | D23: 1333.78 | E23: 1641.48 | F23: 1206.56 | G23: 1736.91 | H23: 1613.73 | I23: 1646.46 | J23: 1087.92 | K23: 1500.4
A24: Croatia | B24: 81.39 | C24: 69.45 | D24: 62.73 | E24: 66.89 | F24: 50.25 | G24: 42.99 | H24: 36.12 | I24: 32.08 | J24: 30.85 | K24: 40.47
A25: Italy | B25: 88.72 | C25: 79.11 | D25: 61.76 | E25: 61.1 | F25: 60.41 | G25: 63.73 | H25: 64.91 | I25: 76.29 | J25: 67.62 | K25: 64.45
A26: Cyprus | B26: 0.26 | C26: 0.62 | D26: 1.64 | E26: 1.19 | F26: 1.41 | G26: 1.54 | H26: 1.5 | I26: 1.37 | J26: 1.24 | K26: :
A27: Latvia | B27: 37.3 | C27: 26 | D27: 13.7 | E27: 29.9 | F27: 27.7 | G27: 23.9 | H27: 26.1 | I27: 19.3 | J27: 27 | K27: 45
A28: Lithuania | B28: 331.46 | C28: 247.51 | D28: 153.28 | E28: 347.03 | F28: 437.26 | G28: 206.12 | H28: 204.56 | I28: 207.39 | J28: 281.4 | K28: 256.91
A29: Luxembourg | B29: 22.92 | C29: 23.77 | D29: 27.36 | E29: 28.96 | F29: 25.77 | G29: 26.73 | H29: 30.24 | I29: 29.19 | J29: 26.49 | K29: :
A30: Hungary | B30: 480.43 | C30: 373.81 | D30: 328.66 | E30: 338.34 | F30: 304.6 | G30: 277.44 | H30: 186.48 | I30: 300.12 | J30: 233.19 | K30: 307.38
A31: Malta | B31: 0 | C31: 0 | D31: 0 | E31: 0 | F31: 0 | G31: 0 | H31: 0 | I31: 0 | J31: 0 | K31: :
A32: Netherlands | B32: 5.3 | C32: 6.34 | D32: 5.32 | E32: 7.05 | F32: 5.46 | G32: 5.63 | H32: 6.7 | I32: 6.41 | J32: 2.93 | K32: 6.81
A33: Austria | B33: 320.68 | C33: 287.45 | D33: 276.96 | E33: 326.34 | F33: 328.27 | G33: 265.6 | H33: 292.87 | I33: 301.81 | J33: 258.65 | K33: 293.53
A34: Poland | B34: 5007.47 | C34: 5213.23 | D34: 4009.66 | E34: 4498.2 | F34: 6087.39 | G34: 5349.42 | H34: 5440.27 | I34: 5282.39 | J34: 4958.21 | K34: 4990.97
A35: Portugal | B35: 41.57 | C35: 26.74 | D35: 29.23 | E35: 25.79 | F35: 25.28 | G35: 20.66 | H35: 18.29 | I35: 8.72 | J35: 20.04 | K35: 21.04
A36: Romania | B36: 287.33 | C36: 331.57 | D36: 337.45 | E36: 314 | F36: 236.45 | G36: 259.21 | H36: 192.41 | I36: 197.12 | J36: 315.92 | K36: 379.95
A37: Slovenia | B37: 24.72 | C37: 22.92 | D37: 23.57 | E37: 26.89 | F37: 28.26 | G37: 26.39 | H37: 25.15 | I37: 21.97 | J37: 22.83 | K37: :
A38: Slovakia | B38: 37.86 | C38: 31.5 | D38: 32.62 | E38: 34.69 | F38: 35.79 | G38: 30.81 | H38: 28.2 | I38: 29.69 | J38: 26.49 | K38: 37.4
A39: Finland | B39: 0 | C39: 0 | D39: 0 | E39: 0 | F39: 0 | G39: 9.58 | H39: 9.82 | I39: 25.8 | J39: 24.45 | K39: 42.19
A40: Sweden | B40: 158.7 | C40: 156.5 | D40: 66.9 | E40: 178.3 | F40: 167.1 | G40: 153.3 | H40: 162.5 | I40: 120.2 | J40: 124.9 | K40: 194.3
A41: Iceland | B41: 0 | C41: 0 | D41: 0 | E41: 0 | F41: 0 | G41: 0 | H41: 0 | I41: 0 | J41: 0 | K41: :
A42: Norway | B42: 0 | C42: 0 | D42: 0 | E42: 0 | F42: 0 | G42: 0 | H42: 0 | I42: : | J42: : | K42: :
A43: Switzerland | B43: 36.6 | C43: 52.02 | D43: 47.89 | E43: 46.8 | F43: 47.42 | G43: 38.19 | H43: 42.85 | I43: 36.1 | J43: 25.64 | K43: :
A44: United Kingdom | B44: 42.5 | C44: 44.48 | D44: 41.91 | E44: 57.61 | F44: 46.87 | G44: : | H44: : | I44: : | J44: : | K44: :
A45: Bosnia and Herzegovina | B45: 52.78 | C45: 50.41 | D45: 57.95 | E45: 53.56 | F45: 61.83 | G45: 62.5 | H45: 11.94 | I45: 19.08 | J45: : | K45: :
A46: Montenegro | B46: 0 | C46: 0 | D46: 0 | E46: 0 | F46: 0 | G46: 0 | H46: 0 | I46: 0 | J46: 0 | K46: :
A47: North Macedonia | B47: : | C47: : | D47: : | E47: : | F47: : | G47: : | H47: : | I47: : | J47: : | K47: :
A48: Albania | B48: : | C48: 0 | D48: 0 | E48: 0 | F48: 0 | G48: 0 | H48: 0 | I48: 0 | J48: 0 | K48: :
A49: Serbia | B49: 100 | C49: 98.5 | D49: 113.44 | E49: 102.23 | F49: 126.4 | G49: 125.78 | H49: 96.9 | I49: 111.24 | J49: 100.93 | K49: 125.6
A50: Türkiye | B50: 129.36 | C50: 155.23 | D50: 174.74 | E50: 222.5 | F50: 285.63 | G50: 232.85 | H50: 330.13 | I50: 381.87 | J50: 350.83 | K50: :
A51: Kosovo* | B51: : | C51: : | D51: 0 | E51: 0 | F51: 0 | G51: 0 | H51: 0 | I51: 0 | J51: : | K51: :
A53: Special value
A54: : | B54: not available

Sheet Sheet 27
A1: Data extracted on 26/09/2025 16:39:20 from [ESTAT]
A2: Dataset: | B2: Crop production in EU standard humidity [apro_cpsh1__custom_18188015]
A3: Last updated: | B3: 17/09/2025 23:00
A5: Time frequency | C5: Annual
A6: Crops | C6: Triticale
A7: Structure of production | C7: Yield in EU standard humidity (tonne/ha)
A9: TIME | B9: 2016 | C9: 2017 | D9: 2018 | E9: 2019 | F9: 2020 | G9: 2021 | H9: 2022 | I9: 2023 | J9: 2024 | K9: 2025
A10: GEO (Labels)
A11: European Union (EU6-1958, EU9-1973, EU10-1981, EU12-1986, EU15-1995, EU25-2004, EU27-2007, EU28-2013, EU27-2020) | B11: : | C11: : | D11: : | E11: : | F11: : | G11: : | H11: : | I11: : | J11: : | K11: :
A12: European Union - 27 countries (from 2020) | B12: : | C12: : | D12: : | E12: : | F12: : | G12: : | H12: : | I12: : | J12: : | K12: :
A13: European Union - 28 countries (2013-2020) | B13: : | C13: : | D13: : | E13: : | F13: : | G13: : | H13: : | I13: : | J13: : | K13: :
A14: Belgium | B14: 5.22 | C14: 6.07 | D14: 5.8 | E14: 6.62 | F14: 6.5 | G14: 6.35 | H14: 6.9 | I14: 6.04 | J14: 5.06 | K14: 4.44
A15: Bulgaria | B15: 3.17 | C15: 3.25 | D15: 2.72 | E15: 2.91 | F15: 3.1 | G15: 3.43 | H15: 3.04 | I15: 3.35 | J15: 3.23 | K15: 3.75
A16: Czechia | B16: 4.88 | C16: 4.89 | D16: 4.55 | E16: 4.93 | F16: 5.07 | G16: 4.73 | H16: 5.12 | I16: 4.98 | J16: 4.45 | K16: 5.09
A17: Denmark | B17: 5.5 | C17: 6.5 | D17: 5.81 | E17: 5.94 | F17: 6.37 | G17: 7.1 | H17: 6.3 | I17: 6.37 | J17: 6.22 | K17: 6.33
A18: Germany | B18: 6.05 | C18: 5.96 | D18: 5.41 | E18: 6.13 | F18: 5.97 | G18: 5.81 | H18: 5.95 | I18: 5.88 | J18: 5.69 | K18: 6.09
A19: Estonia | B19: 3.33 | C19: 4.54 | D19: 3.45 | E19: 5.98 | F19: 5.17 | G19: 3.75 | H19: 4.67 | I19: 3.71 | J19: 4.05 | K19: :
A20: Ireland | B20: : | C20: : | D20: : | E20: : | F20: : | G20: : | H20: : | I20: : | J20: : | K20: :
A21: Greece | B21: 2.38 | C21: 2.12 | D21: 2.24 | E21: 2.38 | F21: 2.75 | G21: 2.5 | H21: 2.43 | I21: 2.63 | J21: 2.13 | K21: 2.36
A22: Spain | B22: 2.52 | C22: 1.89 | D22: 3.17 | E22: 2.39 | F22: 3.06 | G22: 2.95 | H22: 2.26 | I22: 1.16 | J22: 2.76 | K22: 3.19
A23: France | B23: 4.23 | C23: 5.14 | D23: 4.81 | E23: 5.38 | F23: 4.62 | G23: 5.13 | H23: 4.73 | I23: 5.05 | J23: 4.26 | K23: 5.03
A24: Croatia | B24: 4.1 | C24: 4.05 | D24: 3.7 | E24: 4.03 | F24: 4.3 | G24: 4.58 | H24: 4.23 | I24: 3.49 | J24: 4.06 | K24: 4.45
A25: Italy | B25: 4.99 | C25: 4.27 | D25: 4.6 | E25: 4.34 | F25: 4.63 | G25: 4.82 | H25: 4.45 | I25: 4.69 | J25: 4.55 | K25: 4.86
A26: Cyprus | B26: 0.52 | C26: 1.84 | D26: 2.05 | E26: 1.74 | F26: 2.05 | G26: 2.21 | H26: 2.18 | I26: 2.18 | J26: 2.07 | K26: :
A27: Latvia | B27: 3.45 | C27: 3.43 | D27: 3.07 | E27: 3.89 | F27: 3.96 | G27: 3.11 | H27: 3.25 | I27: 2.74 | J27: 3.46 | K27: 4.64
A28: Lithuania | B28: 3.29 | C28: 3.26 | D28: 2.69 | E28: 3.29 | F28: 3.8 | G28: 2.77 | H28: 3.24 | I28: 3.09 | J28: 3.44 | K28: 2.87
A29: Luxembourg | B29: 4.98 | C29: 5.26 | D29: 5.86 | E29: 5.9 | F29: 5.71 | G29: 5.66 | H29: 6.47 | I29: 5.56 | J29: 5.56 | K29: :
A30: Hungary | B30: 4.15 | C30: 3.96 | D30: 3.75 | E30: 4.03 | F30: 4.13 | G30: 4.48 | H30: 3.37 | I30: 3.99 | J30: 4.12 | K30: 4.27
A31: Malta | B31: : | C31: : | D31: : | E31: : | F31: : | G31: : | H31: : | I31: : | J31: : | K31: :
A32: Netherlands | B32: 5.53 | C32: 5.11 | D32: 4.84 | E32: 5.32 | F32: 4.68 | G32: 4.68 | H32: 5.27 | I32: 4.42 | J32: 3.78 | K32: 5.54
A33: Austria | B33: 5.85 | C33: 5.2 | D33: 4.88 | E33: 5.46 | F33: 5.84 | G33: 5.32 | H33: 5.69 | I33: 5.68 | J33: 5.11 | K33: 6.18
A34: Poland | B34: 3.57 | C34: 3.86 | D34: 3.11 | E34: 3.43 | F34: 4.38 | G34: 4.17 | H34: 4.42 | I34: 4.4 | J34: 4.32 | K34: 4.45
A35: Portugal | B35: 1.97 | C35: 1.56 | D35: 1.78 | E35: 1.65 | F35: 1.69 | G35: 1.52 | H35: 1.19 | I35: 0.68 | J35: 1.49 | K35: 1.44
A36: Romania | B36: 3.48 | C36: 4.14 | D36: 4.27 | E36: 3.99 | F36: 3.2 | G36: 4.02 | H36: 3.38 | I36: 3.32 | J36: 4.27 | K36: 4.96
A37: Slovenia | B37: 4.67 | C37: 4.56 | D37: 4.16 | E37: 4.63 | F37: 5.06 | G37: 5.12 | H37: 4.86 | I37: 4.24 | J37: 4.71 | K37: :
A38: Slovakia | B38: 3.95 | C38: 3.47 | D38: 3.41 | E38: 3.53 | F38: 3.59 | G38: 3.42 | H38: 3.5 | I38: 3.43 | J38: 3.24 | K38: 4.2
A39: Finland | B39: : | C39: : | D39: : | E39: : | F39: : | G39: 3.84 | H39: 3.77 | I39: 4.61 | J39: 3.61 | K39: 4.47
A40: Sweden | B40: 5.26 | C40: 5.81 | D40: 3.91 | E40: 6.37 | F40: 6.01 | G40: 5.16 | H40: 5.67 | I40: 4.13 | J40: 5.12 | K40: 5.58
A41: Iceland | B41: : | C41: : | D41: : | E41: : | F41: : | G41: : | H41: : | I41: : | J41: : | K41: :
A42: Norway | B42: : | C42: : | D42: : | E42: : | F42: : | G42: : | H42: : | I42: : | J42: : | K42: :
A43: Switzerland | B43: 4.2 | C43: 6.1 | D43: 6.02 | E43: 6.09 | F43: 6.36 | G43: 5.14 | H43: 6.02 | I43: 5.54 | J43: 4.2 | K43: :
A44: United Kingdom | B44: 3.85 | C44: 4.35 | D44: 4.05 | E44: 4.43 | F44: 3.47 | G44: : | H44: : | I44: : | J44: : | K44: :
A45: Bosnia and Herzegovina | B45: 3.91 | C45: 3.86 | D45: 3.93 | E45: 3.75 | F45: 4.35 | G45: 4.56 | H45: 3.96 | I45: 3.6 | J45: : | K45: :
A46: Montenegro | B46: : | C46: : | D46: : | E46: : | F46: : | G46: : | H46: : | I46: : | J46: : | K46: :
A47: North Macedonia | B47: : | C47: : | D47: : | E47: : | F47: : | G47: : | H47: : | I47: : | J47: : | K47: :
A48: Albania | B48: : | C48: : | D48: : | E48: : | F48: : | G48: : | H48: : | I48: : | J48: : | K48: :
A49: Serbia | B49: 4.33 | C49: 3.69 | D49: 4.17 | E49: 3.97 | F49: 4.44 | G49: 5.08 | H49: 4.38 | I49: 4.51 | J49: 4.87 | K49: 5.42
A50: Türkiye | B50: 3.42 | C50: 3.42 | D50: 3.49 | E50: 3.52 | F50: 3.52 | G50: 2.48 | H50: 3.31 | I50: 3.52 | J50: 3.21 | K50: :
A51: Kosovo* | B51: : | C51: : | D51: : | E51: : | F51: : | G51: : | H51: : | I51: : | J51: : | K51: :
A53: Special value
A54: : | B54: not available

Sheet Sheet 28
A1: Data extracted on 26/09/2025 16:39:20 from [ESTAT]
A2: Dataset: | B2: Crop production in EU standard humidity [apro_cpsh1__custom_18188015]
A3: Last updated: | B3: 17/09/2025 23:00
A5: Time frequency | C5: Annual
A6: Crops | C6: Other cereals n.e.c. (buckwheat, millet, canary seed, etc.)
A7: Structure of production | C7: Area (cultivation/harvested/production) (1000 ha)
A9: TIME | B9: 2016 | C9: 2017 | D9: 2018 | E9: 2019 | F9: 2020 | G9: 2021 | H9: 2022 | I9: 2023 | J9: 2024 | K9: 2025
A10: GEO (Labels)
A11: European Union (EU6-1958, EU9-1973, EU10-1981, EU12-1986, EU15-1995, EU25-2004, EU27-2007, EU28-2013, EU27-2020) | B11: 323 | C11: 337.77 | D11: 326.54 | E11: 290.81 | F11: 371.76 | G11: 350.58 | H11: 379.16 | I11: 354.57 | J11: 391.67 | K11: :
A12: European Union - 27 countries (from 2020) | B12: 323 | C12: 337.77 | D12: 326.54 | E12: 290.81 | F12: 371.76 | G12: 350.58 | H12: 379.16 | I12: 354.57 | J12: 391.67 | K12: :
A13: European Union - 28 countries (2013-2020) | B13: 323 | C13: 337.77 | D13: 326.54 | E13: 290.81 | F13: : | G13: : | H13: : | I13: : | J13: : | K13: :
A14: Belgium | B14: 3.52 | C14: 3.47 | D14: 3 | E14: 3.26 | F14: 4.07 | G14: 5.08 | H14: 0.75 | I14: 0.85 | J14: 0.91 | K14: :
A15: Bulgaria | B15: 3.11 | C15: 2.69 | D15: 2.88 | E15: 3.63 | F15: 5.66 | G15: 3.38 | H15: 4.21 | I15: 4.38 | J15: 5.42 | K15: :
A16: Czechia | B16: 5.23 | C16: 4.69 | D16: 4.5 | E16: 4.51 | F16: 5.5 | G16: 6.85 | H16: 5.59 | I16: 4.23 | J16: 5.5 | K16: :
A17: Denmark | B17: 0 | C17: 0 | D17: 0 | E17: 0 | F17: 0 | G17: 0 | H17: 0 | I17: 0 | J17: 0 | K17: :
A18: Germany | B18: : | C18: : | D18: : | E18: : | F18: : | G18: : | H18: : | I18: : | J18: : | K18: :
A19: Estonia | B19: 3.1 | C19: 5.28 | D19: 2.91 | E19: 1.65 | F19: 3.29 | G19: 5.96 | H19: 8.86 | I19: 6.8 | J19: 6.94 | K19: :
A20: Ireland | B20: 0 | C20: 0 | D20: 0 | E20: 0 | F20: 0.03 | G20: 0.04 | H20: 0 | I20: 0.01 | J20: 0 | K20: :
A21: Greece | B21: 0.26 | C21: 0.17 | D21: 0.26 | E21: 0.37 | F21: 0.27 | G21: 0.34 | H21: 0.3 | I21: 0.34 | J21: 0.26 | K21: :
A22: Spain | B22: 6.8 | C22: 3 | D22: 6.67 | E22: 9.12 | F22: 9.31 | G22: 8.95 | H22: 2.48 | I22: 5.61 | J22: 5.61 | K22: :
A23: France | B23: 58.45 | C23: 74.88 | D23: 57.37 | E23: 64.47 | F23: 100.7 | G23: 66.54 | H23: 72.61 | I23: 79.21 | J23: 109.45 | K23: :
A24: Croatia | B24: 0.85 | C24: 0.84 | D24: 0.7 | E24: 0.63 | F24: 1.04 | G24: 0.97 | H24: 1.03 | I24: 0.94 | J24: 0.4 | K24: :
A25: Italy | B25: 28.7 | C25: 33.21 | D25: 34.35 | E25: 32.96 | F25: 33.91 | G25: 30.58 | H25: 25.41 | I25: 24.06 | J25: 22.95 | K25: :
A26: Cyprus | B26: 0 | C26: 0 | D26: 0 | E26: 0 | F26: 0 | G26: 0 | H26: 0 | I26: 0 | J26: 0 | K26: :
A27: Latvia | B27: 17 | C27: 18.3 | D27: 25.6 | E27: 13.3 | F27: 14.7 | G27: 19 | H27: 27.7 | I27: 19.2 | J27: 20.3 | K27: :
A28: Lithuania | B28: 43.7 | C28: 48.59 | D28: 52.79 | E28: 27.8 | F28: 39.36 | G28: 48.9 | H28: 58.26 | I28: 42.06 | J28: 37.8 | K28: :
A29: Luxembourg | B29: 0.12 | C29: 0.19 | D29: 0.17 | E29: 0.14 | F29: 0.05 | G29: 0.06 | H29: 0.07 | I29: 0.09 | J29: 0.13 | K29: :
A30: Hungary | B30: 11.03 | C30: 12.68 | D30: 9.58 | E30: 10.27 | F30: 6.88 | G30: 6.63 | H30: 6.23 | I30: 7.9 | J30: 13.37 | K30: :
... A41: Iceland | B41: 0 | C41: 0 | D41: 0 | E41: 0 | F41: 0 | G41: 0 | H41: 0 | I41: 0 | J41: 0 | K41: :
A42: Norway | B42: 0 | C42: 0.19 | D42: 0.22 | E42: 0.3 | F42: 0.26 | G42: 0 | H42: 0.36 | I42: 0.27 | J42: : | K42: :
A43: Switzerland | B43: 0.11 | C43: 0.24 | D43: 0.27 | E43: 0.43 | F43: 0.35 | G43: 0.41 | H43: 0.41 | I43: 0.47 | J43: 0.41 | K43: :
A44: United Kingdom | B44: 0 | C44: 0 | D44: 0 | E44: 0 | F44: 0 | G44: : | H44: : | I44: : | J44: : | K44: :
A45: Bosnia and Herzegovina | B45: 1.41 | C45: 1.18 | D45: 1.92 | E45: 1.37 | F45: 0.83 | G45: 1.16 | H45: 0.5 | I45: 0.5 | J45: : | K45: :
A46: Montenegro | B46: 0 | C46: 0 | D46: 0 | E46: 0 | F46: 0 | G46: 0 | H46: 0 | I46: 0 | J46: 0 | K46: :
A47: North Macedonia | B47: 1.64 | C47: 1.34 | D47: 1.33 | E47: 1.83 | F47: 1.53 | G47: 2.61 | H47: 2.94 | I47: 2.75 | J47: 2.87 | K47: :
A48: Albania | B48: : | C48: 0 | D48: 0 | E48: 0 | F48: 0 | G48: 0 | H48: 0 | I48: 0 | J48: 0 | K48: :
A49: Serbia | B49: 6 | C49: 7 | D49: 4.3 | E49: 5.85 | F49: 6.15 | G49: 5.21 | H49: 5.38 | I49: 4.94 | J49: : | K49: :
A50: Türkiye | B50: 2 | C50: 3 | D50: 3 | E50: 3 | F50: 6 | G50: 3 | H50: 3 | I50: 3 | J50: 4 | K50: :
A51: Kosovo* | B51: 0.2 | C51: 0.03 | D51: 0.11 | E51: 0.14 | F51: 0.14 | G51: 0.15 | H51: 0.16 | I51: 0.16 | J51: : | K51: :
A53: Special value
A54: : | B54: not available

Sheet Sheet 29
A1: Data extracted on 26/09/2025 16:39:20 from [ESTAT]
A2: Dataset: | B2: Crop production in EU standard humidity [apro_cpsh1__custom_18188015]
A3: Last updated: | B3: 17/09/2025 23:00
A5: Time frequency | C5: Annual
A6: Crops | C6: Other cereals n.e.c. (buckwheat, millet, canary seed, etc.)
A7: Structure of production | C7: Harvested production in EU standard humidity (1000 t)
A9: TIME | B9: 2016 | C9: 2017 | D9: 2018 | E9: 2019 | F9: 2020 | G9: 2021 | H9: 2022 | I9: 2023 | J9: 2024 | K9: 2025
A10: GEO (Labels)
A11: European Union (EU6-1958, EU9-1973, EU10-1981, EU12-1986, EU15-1995, EU25-2004, EU27-2007, EU28-2013, EU27-2020) | B11: 639.81 | C11: 712.93 | D11: 626.14 | E11: 637.27 | F11: 805.69 | G11: 720.15 | H11: 721.17 | I11: 720.34 | J11: 810.19 | K11: :
A12: European Union - 27 countries (from 2020) | B12: 639.81 | C12: 712.93 | D12: 626.14 | E12: 637.27 | F12: 805.69 | G12: 720.15 | H12: 721.17 | I12: 720.34 | J12: 810.19 | K12: :
A13: European Union - 28 countries (2013-2020) | B13: 639.81 | C13: 712.93 | D13: 626.14 | E13: 637.27 | F13: : | G13: : | H13: : | I13: : | J13: : | K13: :
A14: Belgium | B14: 11.63 | C14: 16.63 | D14: 15.14 | E14: 18.13 | F14: 20.13 | G14: 21.5 | H14: 3.09 | I14: 2.65 | J14: 3.69 | K14: :
A15: Bulgaria | B15: 5.36 | C15: 4.8 | D15: 6.11 | E15: 6.41 | F15: 9.67 | G15: 6.12 | H15: 7.56 | I15: 7.98 | J15: 8.18 | K15: :
A16: Czechia | B16: 7.73 | C16: 7.49 | D16: 8.08 | E16: 6.53 | F16: 10.49 | G16: 10.51 | H16: 7.85 | I16: 8.66 | J16: 9.01 | K16: :
A17: Denmark | B17: 0 | C17: 0 | D17: 0 | E17: 0 | F17: 0 | G17: 0 | H17: 0 | I17: 0 | J17: 0 | K17: :
A18: Germany | B18: : | C18: : | D18: : | E18: : | F18: : | G18: : | H18: : | I18: : | J18: : | K18: :
A19: Estonia | B19: 2.8 | C19: 3.39 | D19: 1.44 | E19: 1.76 | F19: 2.89 | G19: 4.01 | H19: 9.09 | I19: 7.11 | J19: 8.08 | K19: :
A20: Ireland | B20: 0 | C20: 0 | D20: 0 | E20: 0 | F20: 0 | G20: 0 | H20: 0 | I20: 0 | J20: 0 | K20: :
A21: Greece | B21: 0.72 | C21: 0.52 | D21: 0.88 | E21: 1.11 | F21: 0.81 | G21: 0.68 | H21: 0.73 | I21: 0.5 | J21: 0.77 | K21: :
A22: Spain | B22: 17.59 | C22: 6.37 | D22: 17.65 | E22: 25.85 | F22: 31.75 | G22: 27.86 | H22: 5.51 | I22: 13.4 | J22: 13.4 | K22: :
A23: France | B23: 167.52 | C23: 260.42 | D23: 185.91 | E23: 226.75 | F23: 309.58 | G23: 235.91 | H23: 244.49 | I23: 270.21 | J23: 316.26 | K23: :
A24: Croatia | B24: 1.09 | C24: 0.8 | D24: 0.78 | E24: 1 | F24: 1.9 | G24: 1.71 | H24: 1 | I24: 0.77 | J24: 0.51 | K24: :
A25: Italy | B25: 94.13 | C25: 98.48 | D25: 107.34 | E25: 106.11 | F25: 109.84 | G25: 96.25 | H25: 75.69 | I25: 70.82 | J25: 67.07 | K25: :
A26: Cyprus | B26: 0 | C26: 0 | D26: 0 | E26: 0 | F26: 0 | G26: 0 | H26: 0 | I26: 0 | J26: 0 | K26: :
A27: Latvia | B27: 19.1 | C27: 17.1 | D27: 25.3 | E27: 13.5 | F27: 16.8 | G27: 14.3 | H27: 25.3 | I27: 19.3 | J27: 24.8 | K27: :
A28: Lithuania | B28: 50.02 | C28: 53.29 | D28: 53.54 | E28: 30.84 | F28: 37.65 | G28: 32.66 | H28: 43.99 | I28: 36.47 | J28: 37.4 | K28: :
A29: Luxembourg | B29: 0.59 | C29: 0.92 | D29: 0.95 | E29: 0.75 | F29: 0.3 | G29: 0.21 | H29: 0.36 | I29: 0.49 | J29: 0.66 | K29: :
A30: Hungary | B30: 22.71 | C30: 23.89 | D30: 17.85 | E30: 22.84 | F30: 9.25 | G30: 10.79 | H30: 7.88 | I30: 12.37 | J30: 20.94 | K30: :
... A41: Iceland | B41: 0 | C41: 0 | D41: 0 | E41: 0 | F41: 0 | G41: 0 | H41: 0 | I41: 0 | J41: 0 | K41: :
A42: Norway | B42: 0 | C42: : | D42: 0 | E42: 0 | F42: 24 | G42: 0 | H42: : | I42: : | J42: : | K42: :
A43: Switzerland | B43: 0.24 | C43: 0.89 | D43: 1.03 | E43: 1.86 | F43: 1.2 | G43: 1.26 | H43: 1.24 | I43: 1.33 | J43: 0.85 | K43: :
A44: United Kingdom | B44: 0 | C44: 0 | D44: 0 | E44: 0 | F44: 0 | G44: : | H44: : | I44: : | J44: : | K44: :
A45: Bosnia and Herzegovina | B45: 1.54 | C45: 1.2 | D45: 1.37 | E45: 0.69 | F45: 1.32 | G45: 1.06 | H45: 1.18 | I45: 0.76 | J45: : | K45: :
A46: Montenegro | B46: 0 | C46: 0 | D46: 0 | E46: 0 | F46: 0 | G46: 0 | H46: 0 | I46: 0 | J46: 0 | K46: :
A47: North Macedonia | B47: : | C47: : | D47: : | E47: : | F47: : | G47: : | H47: : | I47: : | J47: : | K47: :
A48: Albania | B48: : | C48: 0 | D48: 0 | E48: 0 | F48: 0 | G48: 0 | H48: 0 | I48: 0 | J48: 0 | K48: :
A49: Serbia | B49: 15 | C49: 14.5 | D49: 10.98 | E49: 12.54 | F49: 17.57 | G49: 12.61 | H49: 10.82 | I49: 12.42 | J49: : | K49: :
A50: Türkiye | B50: 6.03 | C50: 6.03 | D50: 6.03 | E50: 9.06 | F50: 18.1 | G50: 10.07 | H50: 8.06 | I50: 7.05 | J50: 9.06 | K50: :
A51: Kosovo* | B51: 0.6 | C51: 0.1 | D51: 0.3 | E51: 0.4 | F51: 0.43 | G51: 0.44 | H51: 0.5 | I51: 0.48 | J51: : | K51: :
A53: Special value
A54: : | B54: not available

Sheet Sheet 30
A1: Data extracted on 26/09/2025 16:39:20 from [ESTAT]
A2: Dataset: | B2: Crop production in EU standard humidity [apro_cpsh1__custom_18188015]
A3: Last updated: | B3: 17/09/2025 23:00
A5: Time frequency | C5: Annual
A6: Crops | C6: Other cereals n.e.c. (buckwheat, millet, canary seed, etc.)
A7: Structure of production | C7: Yield in EU standard humidity (tonne/ha)
A9: TIME | B9: 2016 | C9: 2017 | D9: 2018 | E9: 2019 | F9: 2020 | G9: 2021 | H9: 2022 | I9: 2023 | J9: 2024 | K9: 2025
A10: GEO (Labels)
A11: European Union (EU6-1958, EU9-1973, EU10-1981, EU12-1986, EU15-1995, EU25-2004, EU27-2007, EU28-2013, EU27-2020) | B11: : | C11: : | D11: : | E11: : | F11: : | G11: : | H11: : | I11: : | J11: : | K11: :
A12: European Union - 27 countries (from 2020) | B12: : | C12: : | D12: : | E12: : | F12: : | G12: : | H12: : | I12: : | J12: : | K12: :
A13: European Union - 28 countries (2013-2020) | B13: : | C13: : | D13: : | E13: : | F13: : | G13: : | H13: : | I13: : | J13: : | K13: :
A14: Belgium | B14: 3.3 | C14: 4.8 | D14: 5.04 | E14: 5.55 | F14: 4.94 | G14: 4.23 | H14: 4.12 | I14: 3.14 | J14: 4.03 | K14: :
A15: Bulgaria | B15: 1.72 | C15: 1.79 | D15: 2.12 | E15: 1.76 | F15: 1.66 | G15: 1.78 | H15: 1.8 | I15: 1.78 | J15: 1.51 | K15: :
A16: Czechia | B16: 1.48 | C16: 1.6 | D16: 1.79 | E16: 1.45 | F16: 1.91 | G16: 1.53 | H16: 1.4 | I16: 2.05 | J16: 1.64 | K16: :
A17: Denmark | B17: : | C17: : | D17: : | E17: : | F17: : | G17: : | H17: : | I17: : | J17: : | K17: :
A18: Germany | B18: : | C18: : | D18: : | E18: : | F18: : | G18: : | H18: : | I18: : | J18: : | K18: :
A19: Estonia | B19: 0.9 | C19: 0.64 | D19: 0.5 | E19: 1.07 | F19: 0.88 | G19: 0.67 | H19: 1.03 | I19: 1.05 | J19: 1.16 | K19: :
A20: Ireland | B20: : | C20: : | D20: : | E20: : | F20: : | G20: : | H20: : | I20: : | J20: : | K20: :
A21: Greece | B21: 2.77 | C21: 3 | D21: 3.39 | E21: 3.02 | F21: 2.98 | G21: 2 | H21: 2.43 | I21: 1.5 | J21: 2.91 | K21: :
A22: Spain | B22: 2.59 | C22: 2.13 | D22: 2.65 | E22: 2.83 | F22: 3.41 | G22: 3.11 | H22: 2.22 | I22: 2.39 | J22: 2.39 | K22: :
A23: France | B23: 2.87 | C23: 3.49 | D23: 3.24 | E23: 3.52 | F23: 3.07 | G23: 3.55 | H23: 3.38 | I23: 3.41 | J23: 2.73 | K23: :
A24: Croatia | B24: 1.3 | C24: 0.96 | D24: 1.15 | E24: 2.02 | F24: 1.82 | G24: 1.76 | H24: 0.96 | I24: 0.82 | J24: 1.26 | K24: :
A25: Italy | B25: 3.28 | C25: : | D25: : | E25: 3.18 | F25: 3.24 | G25: 3.15 | H25: 2.98 | I25: 2.94 | J25: 2.92 | K25: :
A26: Cyprus | B26: : | C26: : | D26: : | E26: : | F26: : | G26: : | H26: : | I26: : | J26: : | K26: :
A27: Latvia | B27: 1.13 | C27: 0.94 | D27: 0.99 | E27: 1.02 | F27: 1.14 | G27: 0.75 | H27: 0.91 | I27: 1 | J27: 1.22 | K27: :
A28: Lithuania | B28: 1.14 | C28: 1.1 | D28: 1.01 | E28: 1.11 | F28: 0.96 | G28: 0.67 | H28: 0.76 | I28: 0.87 | J28: 0.99 | K28: :
A29: Luxembourg | B29: 5.01 | C29: 4.92 | D29: 5.52 | E29: 5.48 | F29: 5.76 | G29: 3.49 | H29: 5.21 | I29: 5.56 | J29: 4.99 | K29: :
A30: Hungary | B30: 2.06 | C30: 1.89 | D30: 1.86 | E30: 2.22 | F30: 1.34 | G30: 1.63 | H30: 1.27 | I30: 1.57 | J30: 1.57 | K30: :
A31: Malta | B31: : | C31: : | D31: : | E31: : | F31: : | G31: : | H31: : | I31: : | J31: : | K31: :
A32: Netherlands | B32: : | C32: : | D32: : | E32: : | F32: : | G32: : | H32: : | I32: : | J32: : | K32: :
A33: Austria | B33: 3.17 | C33: 2.8 | D33: 2.91 | E33: 2.92 | F33: 2.8 | G33: 2.7 | H33: 2.43 | I33: 2.51 | J33: 2.03 | K33: :
A34: Poland | B34: 1.46 | C34: 1.48 | D34: 1.21 | E34: 1.26 | F34: 1.47 | G34: 1.56 | H34: 1.61 | I34: 1.56 | J34: 1.59 | K34: :
A35: Portugal | B35: 1.61 | C35: 1.34 | D35: 1.55 | E35: 1.41 | F35: 1.3 | G35: 1.26 | H35: 0.95 | I35: 0.72 | J35: 0.72 | K35: :
A36: Romania | B36: 1.58 | C36: 1.82 | D36: 1.99 | E36: 1.59 | F36: 0.88 | G36: 2.04 | H36: 1.88 | I36: 2.46 | J36: 1.26 | K36: :
A37: Slovenia | B37: 1.08 | C37: 0.93 | D37: 1.14 | E37: 1 | F37: 0.92 | G37: 0.94 | H37: 0.74 | I37: 0.78 | J37: 0.84 | K37: :
A38: Slovakia | B38: : | C38: 1.23 | D38: 1.47 | E38: 1.57 | F38: 0.99 | G38: 0.94 | H38: 0.99 | I38: 1.59 | J38: 0.84 | K38: :
A39: Finland | B39: 0 | C39: 0.62 | D39: : | E39: 0.68 | F39: 0.78 | G39: 0.73 | H39: 0.74 | I39: 0.89 | J39: 0.81 | K39: :
A40: Sweden | B40: : | C40: : | D40: : | E40: : | F40: : | G40: : | H40: : | I40: : | J40: : | K40: :
A41: Iceland | B41: : | C41: : | D41: : | E41: : | F41: : | G41: : | H41: : | I41: : | J41: : | K41: :
A42: Norway | B42: : | C42: : | D42: : | E42: : | F42: : | G42: : | H42: : | I42: : | J42: : | K42: :
A43: Switzerland | B43: 2.06 | C43: 3.79 | D43: 3.77 | E43: 4.35 | F43: 3.47 | G43: 3.11 | H43: 3.01 | I43: 2.82 | J43: 2.24 | K43: :
A44: United Kingdom | B44: : | C44: : | D44: : | E44: : | F44: : | G44: : | H44: : | I44: : | J44: : | K44: :
A45: Bosnia and Herzegovina | B45: : | C45: : | D45: 0.71 | E45: 0.5 | F45: 1.58 | G45: 0.91 | H45: 2.35 | I45: 1.52 | J45: : | K45: :
A46: Montenegro | B46: : | C46: : | D46: : | E46: : | F46: : | G46: : | H46: : | I46: : | J46: : | K46: :
A47: North Macedonia | B47: : | C47: : | D47: : | E47: : | F47: : | G47: : | H47: : | I47: : | J47: : | K47: :
A48: Albania | B48: : | C48: : | D48: : | E48: : | F48: : | G48: : | H48: : | I48: : | J48: : | K48: :
A49: Serbia | B49: 2.61 | C49: 2.08 | D49: : | E49: : | F49: : | G49: 2.42 | H49: : | I49: 2.51 | J49: : | K49: :
A50: Türkiye | B50: 3.02 | C50: 2.01 | D50: 3.82 | E50: 3.02 | F50: 3.02 | G50: 3.32 | H50: 2.72 | I50: 2.32 | J50: 2.32 | K50: :
A51: Kosovo* | B51: 3.62 | C51: 3.87 | D51: 2.62 | E51: 2.59 | F51: 3.03 | G51: 2.89 | H51: 3.14 | I51: 3.02 | J51: : | K51: :
A53: Special value
A54: : | B54: not available

Sheet Sheet 31
A1: Data extracted on 26/09/2025 16:39:20 from [ESTAT]
A2: Dataset: | B2: Crop production in EU standard humidity [apro_cpsh1__custom_18188015]
A3: Last updated: | B3: 17/09/2025 23:00
A5: Time frequency | C5: Annual
A6: Crops | C6: Rice
A7: Structure of production | C7: Area (cultivation/harvested/production) (1000 ha)
A9: TIME | B9: 2016 | C9: 2017 | D9: 2018 | E9: 2019 | F9: 2020 | G9: 2021 | H9: 2022 | I9: 2023 | J9: 2024 | K9: 2025
A10: GEO (Labels)
A11: European Union (EU6-1958, EU9-1973, EU10-1981, EU12-1986, EU15-1995, EU25-2004, EU27-2007, EU28-2013, EU27-2020) | B11: 448.74 | C11: 440.68 | D11: 417.37 | E11: 419.09 | F11: 427.07 | G11: 408.2 | H11: 358.45 | I11: 348.99 | J11: 395.03 | K11: :
A12: European Union - 27 countries (from 2020) | B12: 448.74 | C12: 440.68 | D12: 417.37 | E12: 419.09 | F12: 427.07 | G12: 408.2 | H12: 358.45 | I12: 348.99 | J12: 395.03 | K12: :
A13: European Union - 28 countries (2013-2020) | B13: 448.74 | C13: 440.68 | D13: 417.37 | E13: 419.09 | F13: : | G13: : | H13: : | I13: : | J13: : | K13: :
A14: Belgium | B14: 0 | C14: 0 | D14: 0 | E14: 0 | F14: 0 | G14: 0 | H14: 0 | I14: 0 | J14: 0 | K14: 0
A15: Bulgaria | B15: 11.99 | C15: 10.43 | D15: 11 | E15: 11.82 | F15: 12.35 | G15: 12.05 | H15: 10.58 | I15: 11.2 | J15: 12.15 | K15: 12
A16: Czechia | B16: 0 | C16: 0 | D16: 0 | E16: 0 | F16: 0 | G16: 0 | H16: 0 | I16: 0 | J16: 0 | K16: 0
A17: Denmark | B17: 0 | C17: 0 | D17: 0 | E17: 0 | F17: 0 | G17: 0 | H17: 0 | I17: 0 | J17: 0 | K17: 0
A18: Germany | B18: 0 | C18: 0 | D18: 0 | E18: 0 | F18: 0 | G18: 0 | H18: 0 | I18: 0 | J18: 0 | K18: 0
A19: Estonia | B19: 0 | C19: 0 | D19: 0 | E19: 0 | F19: 0 | G19: 0 | H19: 0 | I19: 0 | J19: 0 | K19: :
A20: Ireland | B20: 0 | C20: 0 | D20: 0 | E20: 0 | F20: 0 | G20: 0 | H20: 0 | I20: 0 | J20: 0 | K20: 0
A21: Greece | B21: 35.14 | C21: 30.95 | D21: 30.35 | E21: 29.86 | F21: 36.09 | G21: 34.89 | H21: 28.78 | I21: 27.6 | J21: 27.73 | K21: 27.6
A22: Spain | B22: 109.27 | C22: 107.6 | D22: 105.01 | E22: 103.37 | F22: 102.06 | G22: 84.68 | H22: 56.04 | I22: 55.12 | J22: 81.62 | K22: 96.61
A23: France | B23: 16.71 | C23: 16.72 | D23: 13.28 | E23: 15.1 | F23: 14.32 | G23: 12.03 | H23: 11.76 | I23: 12.12 | J23: 13.49 | K23: 15.96
A24: Croatia | B24: 0 | C24: 0 | D24: 0 | E24: 0 | F24: 0 | G24: 0 | H24: 0 | I24: 0 | J24: 0 | K24: 0
A25: Italy | B25: 234.13 | C25: 234.13 | D25: 217.19 | E25: 220.03 | F25: 227.32 | G25: 227.04 | H25: 218.42 | I25: 210.24 | J25: 226.13 | K25: 227.49
A26: Cyprus | B26: 0 | C26: 0 | D26: 0 | E26: 0 | F26: 0 | G26: 0 | H26: 0 | I26: 0 | J26: 0 | K26: :
A27: Latvia | B27: 0 | C27: 0 | D27: 0 | E27: 0 | F27: 0 | G27: 0 | H27: 0 | I27: 0 | J27: 0 | K27: 0
A28: Lithuania | B28: 0 | C28: 0 | D28: 0 | E28: 0 | F28: 0 | G28: 0 | H28: 0 | I28: 0 | J28: 0 | K28: 0
A29: Luxembourg | B29: 0 | C29: 0 | D29: 0 | E29: 0 | F29: 0 | G29: 0 | H29: 0 | I29: 0 | J29: 0 | K29: :
A30: Hungary | B30: 2.91 | C30: 2.77 | D30: 2.93 | E30: 2.65 | F30: 2.99 | G30: 2.72 | H30: 2.33 | I30: 2.34 | J30: 2.36 | K30: 2.92
A31: Malta | B31: 0 | C31: 0 | D31: 0 | E31: 0 | F31: 0 | G31: 0 | H31: 0 | I31: 0 | J31: 0 | K31: :
A32: Netherlands | B32: 0 | C32: 0 | D32: 0 | E32: 0 | F32: 0 | G32: 0 | H32: 0 | I32: 0 | J32: 0 | K32: 0
A33: Austria | B33: 0 | C33: 0 | D33: 0 | E33: 0 | F33: 0 | G33: 0 | H33: 0 | I33: 0 | J33: 0 | K33: 0.19
A34: Poland | B34: 0 | C34: 0 | D34: 0 | E34: 0 | F34: 0 | G34: 0 | H34: 0 | I34: 0 | J34: 0 | K34: 0
A35: Portugal | B35: 29.15 | C35: 28.94 | D35: 29.35 | E35: 28.83 | F35: 25.94 | G35: 29.36 | H35: 27.26 | I35: 27.94 | J35: 27.94 | K35: 27.72
A36: Romania | B36: 9.44 | C36: 9.13 | D36: 8.25 | E36: 7.43 | F36: 6 | G36: 5.44 | H36: 3.28 | I36: 2.43 | J36: 3.62 | K36: 3.21
A37: Slovenia | B37: 0 | C37: 0 | D37: 0 | E37: 0 | F37: 0 | G37: 0 | H37: 0 | I37: 0 | J37: 0 | K37: :
A38: Slovakia | B38: 0 | C38: 0 | D38: 0 | E38: 0 | F38: 0 | G38: 0 | H38: 0 | I38: 0 | J38: 0 | K38: 0
A39: Finland | B39: 0 | C39: 0 | D39: 0 | E39: 0 | F39: 0 | G39: 0 | H39: 0 | I39: 0 | J39: 0 | K39: 0
A40: Sweden | B40: 0 | C40: 0 | D40: 0 | E40: 0 | F40: 0 | G40: 0 | H40: 0 | I40: 0 | J40: 0 | K40: 0
A41: Iceland | B41: 0 | C41: 0 | D41: 0 | E41: 0 | F41: 0 | G41: 0 | H41: 0 | I41: 0 | J41: 0 | K41: :
A42: Norway | B42: 0 | C42: 0 | D42: 0 | E42: 0 | F42: 0 | G42: 0 | H42: 0 | I42: 0 | J42: 0 | K42: :
A43: Switzerland | B43: 0.08 | C43: 0.08 | D43: 0.09 | E43: 0.09 | F43: 0.09 | G43: 0.06 | H43: 0.06 | I43: 0.07 | J43: 0.06 | K43: 0.08
A44: United Kingdom | B44: 0 | C44: 0 | D44: 0 | E44: 0 | F44: 0 | G44: : | H44: : | I44: : | J44: : | K44: :
A45: Bosnia and Herzegovina | B45: 0 | C45: 0 | D45: 0 | E45: 0 | F45: 0 | G45: 0 | H45: 0 | I45: 0 | J45: 0 | K45: :
A46: Montenegro | B46: 0 | C46: 0 | D46: 0 | E46: 0 | F46: 0 | G46: 0 | H46: 0 | I46: 0 | J46: 0 | K46: :
A47: North Macedonia | B47: 5.04 | C47: 3.27 | D47: 3.22 | E47: 3.48 | F47: 3.18 | G47: 3.11 | H47: 3.11 | I47: 3.16 | J47: 3.12 | K47: 3.15
A48: Albania | B48: : | C48: 0 | D48: 0 | E48: 0 | F48: 0 | G48: 0 | H48: 0 | I48: 0 | J48: 0 | K48: :
A49: Serbia | B49: 0 | C49: 0 | D49: 0 | E49: 0 | F49: 0 | G49: 0 | H49: 0 | I49: 0 | J49: 0 | K49: :
A50: Türkiye | B50: 116 | C50: 110 | D50: 120 | E50: 126 | F50: 125 | G50: 128 | H50: 118 | I50: 111 | J50: 128 | K50: :
A51: Kosovo* | B51: : | C51: : | D51: 0 | E51: 0 | F51: 0 | G51: 0 | H51: 0 | I51: 0 | J51: : | K51: :
A53: Special value
A54: : | B54: not available

Sheet Sheet 32
A1: Data extracted on 26/09/2025 16:39:20 from [ESTAT]
A2: Dataset: | B2: Crop production in EU standard humidity [apro_cpsh1__custom_18188015]
A3: Last updated: | B3: 17/09/2025 23:00
A5: Time frequency | C5: Annual
A6: Crops | C6: Rice
A7: Structure of production | C7: Harvested production in EU standard humidity (1000 t)
A9: TIME | B9: 2016 | C9: 2017 | D9: 2018 | E9: 2019 | F9: 2020 | G9: 2021 | H9: 2022 | I9: 2023 | J9: 2024 | K9: 2025
A10: GEO (Labels)
A11: European Union (EU6-1958, EU9-1973, EU10-1981, EU12-1986, EU15-1995, EU25-2004, EU27-2007, EU28-2013, EU27-2020) | B11: 2948.76 | C11: 2980.04 | D11: 2840.87 | E11: 2857.88 | F11: 2844.61 | G11: 2642.7 | H11: 2113.55 | I11: 2234.83 | J11: : | K11: :
A12: European Union - 27 countries (from 2020) | B12: 2948.76 | C12: 2980.04 | D12: 2840.87 | E12: 2857.88 | F12: 2844.61 | G12: 2642.7 | H12: 2113.55 | I12: 2234.83 | J12: : | K12: :
A13: European Union - 28 countries (2013-2020) | B13: 2948.76 | C13: 2980.04 | D13: 2840.87 | E13: 2857.88 | F13: : | G13: : | H13: : | I13: : | J13: : | K13: :
A14: Belgium | B14: 0 | C14: 0 | D14: 0 | E14: 0 | F14: 0 | G14: 0 | H14: 0 | I14: 0 | J14: 0 | K14: 0
A15: Bulgaria | B15: 62.54 | C15: 59.6 | D15: 60.72 | E15: 70.92 | F15: 65.81 | G15: 58.12 | H15: 64.32 | I15: 64.16 | J15: 65.84 | K15: 67.59
A16: Czechia | B16: 0 | C16: 0 | D16: 0 | E16: 0 | F16: 0 | G16: 0 | H16: 0 | I16: 0 | J16: 0 | K16: 0
A17: Denmark | B17: 0 | C17: 0 | D17: 0 | E17: 0 | F17: 0 | G17: 0 | H17: 0 | I17: 0 | J17: 0 | K17: 0
A18: Germany | B18: 0 | C18: 0 | D18: 0 | E18: 0 | F18: 0 | G18: 0 | H18: 0 | I18: 0 | J18: 0 | K18: 0
A19: Estonia | B19: 0 | C19: 0 | D19: 0 | E19: 0 | F19: 0 | G19: 0 | H19: 0 | I19: 0 | J19: 0 | K19: :
A20: Ireland | B20: 0 | C20: 0 | D20: 0 | E20: 0 | F20: 0 | G20: 0 | H20: 0 | I20: 0 | J20: 0 | K20: 0
A21: Greece | B21: 177.28 | C21: 177.41 | D21: 222.69 | E21: 220.93 | F21: 287.41 | G21: 245.34 | H21: 214.75 | I21: 190.44 | J21: 125.09 | K21: 190.44
A22: Spain | B22: 825.8 | C22: 825.58 | D22: 798.88 | E22: 778.78 | F22: 739.23 | G22: 617.18 | H22: 350.42 | I22: 334.1 | J22: 555.83 | K22: 654.13
A23: France | B23: 78.45 | C23: 90.42 | D23: 71.43 | E23: 82.57 | F23: 75.46 | G23: 62.34 | H23: 64.48 | I23: 68.27 | J23: 71.98 | K23: 87.68
A24: Croatia | B24: 0 | C24: 0 | D24: 0 | E24: 0 | F24: 0 | G24: 0 | H24: 0 | I24: 0 | J24: 0 | K24: 0
A25: Italy | B25: 1581.51 | C25: 1592.15 | D25: 1470.09 | E25: 1492.62 | F25: 1507.49 | G25: 1459.31 | H25: 1236.96 | I25: 1378.64 | J25: : | K25: :
A26: Cyprus | B26: 0 | C26: 0 | D26: 0 | E26: 0 | F26: 0 | G26: 0 | H26: 0 | I26: 0 | J26: 0 | K26: :
A27: Latvia | B27: 0 | C27: 0 | D27: 0 | E27: 0 | F27: 0 | G27: 0 | H27: 0 | I27: 0 | J27: 0 | K27: 0
A28: Lithuania | B28: 0 | C28: 0 | D28: 0 | E28: 0 | F28: 0 | G28: 0 | H28: 0 | I28: 0 | J28: 0 | K28: 0
A29: Luxembourg | B29: 0 | C29: 0 | D29: 0 | E29: 0 | F29: 0 | G29: 0 | H29: 0 | I29: 0 | J29: 0 | K29: :
A30: Hungary | B30: 10.77 | C30: 12.3 | D30: 13.42 | E30: 11.03 | F30: 11.74 | G30: 9.52 | H30: 10.15 | I30: 8.33 | J30: 8.68 | K30: 11.09
A31: Malta | B31: 0 | C31: 0 | D31: 0 | E31: 0 | F31: 0 | G31: 0 | H31: 0 | I31: 0 | J31: 0 | K31: :
A32: Netherlands | B32: 0 | C32: 0 | D32: 0 | E32: 0 | F32: 0 | G32: 0 | H32: 0 | I32: 0 | J32: 0 | K32: 0
A33: Austria | B33: 0 | C33: 0 | D33: 0 | E33: 0 | F33: 0 | G33: 0 | H33: 0 | I33: 0 | J33: 0 | K33: 0
A34: Poland | B34: 0 | C34: 0 | D34: 0 | E34: 0 | F34: 0 | G34: 0 | H34: 0 | I34: 0 | J34: 0 | K34: 0
A35: Portugal | B35: 169.29 | C35: 179.78 | D35: 160.79 | E35: 161.5 | F35: 132.79 | G35: 175.9 | H35: 155.57 | I35: 178.83 | J35: 178.83 | K35: 172.12
A36: Romania | B36: 43.13 | C36: 42.81 | D36: 42.86 | E36: 39.53 | F36: 24.67 | G36: 14.98 | H36: 16.9 | I36: 12.07 | J36: 19.16 | K36: 17.02
A37: Slovenia | B37: 0 | C37: 0 | D37: 0 | E37: 0 | F37: 0 | G37: 0 | H37: 0 | I37: 0 | J37: 0 | K37: :
A38: Slovakia | B38: 0 | C38: 0 | D38: 0 | E38: 0 | F38: 0 | G38: 0 | H38: 0 | I38: 0 | J38: 0 | K38: :
A39: Finland | B39: 0 | C39: 0 | D39: 0 | E39: 0 | F39: 0 | G39: 0 | H39: 0 | I39: 0 | J39: 0 | K39: 0
A40: Sweden | B40: 0 | C40: 0 | D40: 0 | E40: 0 | F40: 0 | G40: 0 | H40: 0 | I40: 0 | J40: 0 | K40: 0
A41: Iceland | B41: 0 | C41: 0 | D41: 0 | E41: 0 | F41: 0 | G41: 0 | H41: 0 | I41: 0 | J41: 0 | K41: :
A42: Norway | B42: 0 | C42: 0 | D42: 0 | E42: 0 | F42: 0 | G42: 0 | H42: 0 | I42: 0 | J42: : | K42: :
A43: Switzerland | B43: 0.4 | C43: 0.37 | D43: 0.43 | E43: 0.44 | F43: 0.44 | G43: 0.24 | H43: 0.25 | I43: 0.29 | J43: 0.25 | K43: :
A44: United Kingdom | B44: 0 | C44: 0 | D44: 0 | E44: 0 | F44: 0 | G44: : | H44: : | I44: : | J44: : | K44: :
A45: Bosnia and Herzegovina | B45: 0 | C45: 0 | D45: 0 | E45: 0 | F45: 0 | G45: 0 | H45: 0 | I45: 0 | J45: 0 | K45: :
A46: Montenegro | B46: 0 | C46: 0 | D46: 0 | E46: 0 | F46: 0 | G46: 0 | H46: 0 | I46: 0 | J46: 0 | K46: :
A47: North Macedonia | B47: 24.79 | C47: 17.08 | D47: 19.73 | E47: 21.28 | F47: 19.52 | G47: 18.96 | H47: 18.98 | I47: 20 | J47: 18.61 | K47: 18.81
A48: Albania | B48: : | C48: 0 | D48: 0 | E48: 0 | F48: 0.01 | G48: 0.01 | H48: 0 | I48: 0.01 | J48: 0.01 | K48: :
A49: Serbia | B49: 0 | C49: 0 | D49: 0 | E49: 0 | F49: 0 | G49: 0 | H49: 0 | I49: 0 | J49: 0 | K49: :
A50: Türkiye | B50: 552 | C50: 540 | D50: 564 | E50: 1001 | F50: 981 | G50: 999 | H50: 949 | I50: 901 | J50: 1020 | K50: :
A51: Kosovo* | B51: : | C51: : | D51: 0 | E51: 0 | F51: 0 | G51: 0 | H51: 0 | I51: 0 | J51: : | K51: :
A53: Special value
A54: : | B54: not available

Sheet Sheet 33
A1: Data extracted on 26/09/2025 16:39:20 from [ESTAT]
A2: Dataset: | B2: Crop production in EU standard humidity [apro_cpsh1__custom_18188015]
A3: Last updated: | B3: 17/09/2025 23:00
A5: Time frequency | C5: Annual
A6: Crops | C6: Rice
A7: Structure of production | C7: Yield in EU standard humidity (tonne/ha)
A9: TIME | B9: 2016 | C9: 2017 | D9: 2018 | E9: 2019 | F9: 2020 | G9: 2021 | H9: 2022 | I9: 2023 | J9: 2024 | K9: 2025
A10: GEO (Labels)
A11: European Union (EU6-1958, EU9-1973, EU10-1981, EU12-1986, EU15-1995, EU25-2004, EU27-2007, EU28-2013, EU27-2020) | B11: : | C11: : | D11: : | E11: : | F11: : | G11: : | H11: : | I11: : | J11: : | K11: :
A12: European Union - 27 countries (from 2020) | B12: : | C12: : | D12: : | E12: : | F12: : | G12: : | H12: : | I12: : | J12: : | K12: :
A13: European Union - 28 countries (2013-2020) | B13: : | C13: : | D13: : | E13: : | F13: : | G13: : | H13: : | I13: : | J13: : | K13: :
A14: Belgium | B14: : | C14: : | D14: : | E14: : | F14: : | G14: : | H14: : | I14: : | J14: : | K14: :
A15: Bulgaria | B15: 5.22 | C15: 5.71 | D15: 5.52 | E15: 6 | F15: 5.31 | G15: 4.87 | H15: 6.08 | I15: 5.75 | J15: 5.42 | K15: 5.63
A16: Czechia | B16: : | C16: : | D16: : | E16: : | F16: : | G16: : | H16: : | I16: : | J16: : | K16: :
A17: Denmark | B17: : | C17: : | D17: : | E17: : | F17: : | G17: : | H17: : | I17: : | J17: : | K17: :
A18: Germany | B18: : | C18: : | D18: : | E18: : | F18: : | G18: : | H18: : | I18: : | J18: : | K18: :
A19: Estonia | B19: : | C19: : | D19: : | E19: : | F19: : | G19: : | H19: : | I19: : | J19: : | K19: :
A20: Ireland | B20: : | C20: : | D20: : | E20: : | F20: : | G20: : | H20: : | I20: : | J20: : | K20: :
A21: Greece | B21: 5.04 | C21: 5.73 | D21: 7.34 | E21: 7.4 | F21: 7.96 | G21: 7.03 | H21: 7.46 | I21: 6.9 | J21: 4.51 | K21: 6.9
A22: Spain | B22: 7.56 | C22: 7.67 | D22: 7.61 | E22: 7.53 | F22: 7.24 | G22: 7.29 | H22: 6.25 | I22: 6.06 | J22: 6.81 | K22: 6.77
A23: France | B23: 4.69 | C23: 5.44 | D23: 5.35 | E23: 5.47 | F23: 5.27 | G23: 5.18 | H23: 5.44 | I23: 5.64 | J23: 5.33 | K23: 5.5
A24: Croatia | B24: : | C24: : | D24: : | E24: : | F24: : | G24: : | H24: : | I24: : | J24: : | K24: :
A25: Italy | B25: 6.75 | C25: 6.8 | D25: 6.8 | E25: 6.56 | F25: 6.63 | G25: 6.43 | H25: 5.66 | I25: 6.56 | J25: : | K25: :
A26: Cyprus | B26: : | C26: : | D26: : | E26: : | F26: : | G26: : | H26: : | I26: : | J26: : | K26: :
A27: Latvia | B27: : | C27: : | D27: : | E27: : | F27: : | G27: : | H27: : | I27: : | J27: : | K27: :
A28: Lithuania | B28: : | C28: : | D28: : | E28: : | F28: : | G28: : | H28: : | I28: : | J28: : | K28: :
A29: Luxembourg | B29: : | C29: : | D29: : | E29: : | F29: : | G29: : | H29: : | I29: : | J29: : | K29: :
A30: Hungary | B30: 3.7 | C30: 4.45 | D30: 4.58 | E30: 4.17 | F30: 3.93 | G30: 3.5 | H30: 4.36 | I30: 3.56 | J30: 3.68 | K30: 3.8
A31: Malta | B31: : | C31: : | D31: : | E31: : | F31: : | G31: : | H31: : | I31: : | J31: : | K31: :
A32: Netherlands | B32: : | C32: : | D32: : | E32: : | F32: : | G32: : | H32: : | I32: : | J32: : | K32: :
A33: Austria | B33: : | C33: : | D33: : | E33: : | F33: : | G33: : | H33: : | I33: : | J33: : | K33: :
A34: Poland | B34: : | C34: : | D34: : | E34: : | F34: : | G34: : | H34: : | I34: : | J34: : | K34: :
A35: Portugal | B35: 5.81 | C35: 6.21 | D35: 5.48 | E35: 5.6 | F35: 5.12 | G35: 5.99 | H35: 5.71 | I35: 6.4 | J35: 6.4 | K35: 6.21
A36: Romania | B36: 4.57 | C36: 4.69 | D36: 5.19 | E36: 5.32 | F36: 4.11 | G36: 2.75 | H36: 5.15 | I36: 4.97 | J36: 5.3 | K36: 5.3
A37: Slovenia | B37: : | C37: : | D37: : | E37: : | F37: : | G37: : | H37: : | I37: : | J37: : | K37: :
A38: Slovakia | B38: : | C38: : | D38: : | E38: : | F38: : | G38: : | H38: : | I38: : | J38: : | K38: :
A39: Finland | B39: : | C39: : | D39: : | E39: : | F39: : | G39: : | H39: : | I39: : | J39: : | K39: :
A40: Sweden | B40: : | C40: : | D40: : | E40: : | F40: : | G40: : | H40: : | I40: : | J40: : | K40: :
A41: Iceland | B41: : | C41: : | D41: : | E41: : | F41: : | G41: : | H41: : | I41: : | J41: : | K41: :
A42: Norway | B42: : | C42: : | D42: : | E42: : | F42: : | G42: : | H42: : | I42: : | J42: : | K42: :
A43: Switzerland | B43: 4.8 | C43: 4.77 | D43: 4.85 | E43: 4.85 | F43: 4.84 | G43: 3.88 | H43: 3.89 | I43: 3.88 | J43: 3.02 | K43: :
A44: United Kingdom | B44: : | C44: : | D44: : | E44: : | F44: : | G44: : | H44: : | I44: : | J44: : | K44: :
A45: Bosnia and Herzegovina | B45: : | C45: : | D45: : | E45: : | F45: : | G45: : | H45: : | I45: : | J45: : | K45: :
A46: Montenegro | B46: : | C46: : | D46: : | E46: : | F46: : | G46: : | H46: : | I46: : | J46: : | K46: :
A47: North Macedonia | B47: 4.92 | C47: 5.22 | D47: 6.12 | E47: 6.11 | F47: 6.14 | G47: 6.1 | H47: 6.1 | I47: 6.32 | J47: 5.96 | K47: 5.98
A48: Albania | B48: : | C48: : | D48: : | E48: : | F48: : | G48: 3.6 | H48: 4 | I48: 3.5 | J48: 4.2 | K48: :
A49: Serbia | B49: : | C49: : | D49: : | E49: : | F49: : | G49: : | H49: : | I49: : | J49: : | K49: :
A50: Türkiye | B50: 4.8 | C50: 4.9 | D50: 4.7 | E50: 7.9 | F50: 7.8 | G50: 7.8 | H50: 8 | I50: 8.1 | J50: 8 | K50: :
A51: Kosovo* | B51: : | C51: : | D51: : | E51: : | F51: : | G51: : | H51: : | I51: : | J51: : | K51: :
A53: Special value
A54: : | B54: not available

Sheet Sheet 34
A1: Data extracted on 26/09/2025 16:39:21 from [ESTAT]
A2: Dataset: | B2: Crop production in EU standard humidity [apro_cpsh1__custom_18188015]
A3: Last updated: | B3: 17/09/2025 23:00
A5: Time frequency | C5: Annual
A6: Crops | C6: Potatoes (including seed potatoes)
A7: Structure of production | C7: Area (cultivation/harvested/production) (1000 ha)
A9: TIME | B9: 2016 | C9: 2017 | D9: 2018 | E9: 2019 | F9: 2020 | G9: 2021 | H9: 2022 | I9: 2023 | J9: 2024 | K9: 2025
A10: GEO (Labels)
A11: European Union (EU6-1958, EU9-1973, EU10-1981, EU12-1986, EU15-1995, EU25-2004, EU27-2007, EU28-2013, EU27-2020) | B11: 1689.5 | C11: 1746.18 | D11: 1702.85 | E11: 1747.77 | F11: 1464.7 | G11: 1401.14 | H11: 1361.62 | I11: 1328.95 | J11: 1378.31 | K11: :
A12: European Union - 27 countries (from 2020) | B12: 1550.5 | C12: 1601.18 | D12: 1562.85 | E12: 1603.7 | F12: 1464.7 | G12: 1401.14 | H12: 1361.62 | I12: 1328.95 | J12: 1378.31 | K12: :
A13: European Union - 28 countries (2013-2020) | B13: 1689.5 | C13: 1746.18 | D13: 1702.85 | E13: 1747.77 | F13: : | G13: : | H13: : | I13: : | J13: : | K13: :
A14: Belgium | B14: 89.21 | C14: 92.85 | D14: 93.33 | E14: 98.19 | F14: 97.34 | G14: 89.92 | H14: 91.94 | I14: 95.7 | J14: 100.47 | K14: 105.89
A15: Bulgaria | B15: 8.38 | C15: 12.81 | D15: 14.1 | E15: 9.29 | F15: 9.95 | G15: 10.9 | H15: 9.16 | I15: 7.02 | J15: 6.77 | K15: 6
A16: Czechia | B16: 23.41 | C16: 23.42 | D16: 22.89 | E16: 22.89 | F16: 23.88 | G16: 22.82 | H16: 21.68 | I16: 20.95 | J16: 22.75 | K16: 24.17
A17: Denmark | B17: 46.1 | C17: 49.7 | D17: 52 | E17: 56.7 | F17: 62.8 | G17: 56.2 | H17: 59.2 | I17: 61.1 | J17: 59.2 | K17: 74.4
A18: Germany | B18: 242.5 | C18: 250.5 | D18: 252.2 | E18: 271.6 | F18: 273.5 | G18: 258.3 | H18: 266.4 | I18: 264.7 | J18: 282.2 | K18: 295.7
A19: Estonia | B19: 3.71 | C19: 3.45 | D19: 3.27 | E19: 3.4 | F19: 3.38 | G19: 3.11 | H19: 3.12 | I19: 3.2 | J19: 2.92 | K19: :
A20: Ireland | B20: 9.04 | C20: 9.18 | D20: 8.23 | E20: 8.67 | F20: 8.89 | G20: 8.93 | H20: 8.49 | I20: 8.21 | J20: 9.25 | K20: 7.33
A21: Greece | B21: 19.13 | C21: 18.82 | D21: 16.83 | E21: 15.95 | F21: 15.73 | G21: 12.36 | H21: 13.21 | I21: 10.96 | J21: 11.73 | K21: 12.29
A22: Spain | B22: 72.14 | C22: 70.88 | D22: 67.49 | E22: 66.65 | F22: 65.4 | G22: 63.28 | H22: 60.06 | I22: 59.36 | J22: 61.62 | K22: 63.3
A23: France | B23: 179.13 | C23: 194.06 | D23: 199.56 | E23: 207.16 | F23: 216.42 | G23: 211.59 | H23: 211.67 | I23: 204.01 | J23: 217.72 | K23: 182.71
A24: Croatia | B24: 9.87 | C24: 9.83 | D24: 9.27 | E24: 9.39 | F24: 9.33 | G24: 8.79 | H24: 7.37 | I24: 7.23 | J24: 7.45 | K24: 7
A25: Italy | B25: 48.14 | C25: 48.57 | D25: 46.43 | E25: 46.81 | F25: 47.35 | G25: 46.7 | H25: 47.03 | I25: 45.45 | J25: 49.09 | K25: 52.18
A26: Cyprus | B26: 5.04 | C26: 4.22 | D26: 4.54 | E26: 3.88 | F26: 3.8 | G26: 3.99 | H26: 3.79 | I26: 3.8 | J26: 3.81 | K26: :
A27: Latvia | B27: 10.9 | C27: 21.5 | D27: 9.9 | E27: 10 | F27: 8.5 | G27: 7.3 | H27: 7.7 | I27: 8 | J27: 7.1 | K27: 7.3
A28: Lithuania | B28: 21.64 | C28: 18.88 | D28: 18.69 | E28: 18.22 | F28: 18.87 | G28: 15.33 | H28: 15.18 | I28: 14.73 | J28: 14.67 | K28: 14.9
A29: Luxembourg | B29: 0.62 | C29: 0.62 | D29: 0.63 | E29: 0.6 | F29: 0.62 | G29: 0.63 | H29: 0.64 | I29: 0.56 | J29: 0.59 | K29: :
A30: Hungary | B30: 16.41 | C30: 14.66 | D30: 13.51 | E30: 13.29 | F30: 10.27 | G30: 8.77 | H30: 8.19 | I30: 7.57 | J30: 8.19 | K30: 7.97
A31: Malta | B31: 0.77 | C31: 0.69 | D31: 0.69 | E31: 0.69 | F31: 0.57 | G31: 0.57 | H31: 0.57 | I31: 0.51 | J31: 0.51 | K31: :
A32: Netherlands | B32: 155.59 | C32: 160.79 | D32: 164.6 | E32: 165.73 | F32: 164.5 | G32: 159.04 | H32: 162.3 | I32: 155.34 | J32: 152.67 | K32: 164.37
A33: Austria | B33: 21.22 | C33: 22.99 | D33: 23.76 | E33: 23.97 | F33: 24.26 | G33: 22.56 | H33: 21.44 | I33: 20.62 | J33: 21.9 | K33: 22.91
A34: Poland | B34: 300.7 | C34: 321.26 | D34: 290.97 | E34: 302.48 | F34: 226.07 | G34: 235.83 | H34: 196.11 | I34: 188.58 | J34: 196.15 | K34: 199.36
A35: Portugal | B35: 23.3 | C35: 23.74 | D35: 20.8 | E35: 17.99 | F35: 17.53 | G35: 16.8 | H35: 14.51 | I35: 14.48 | J35: 13.92 | K35: 16.46
A36: Romania | B36: 186.24 | C36: 171.39 | D36: 173.3 | E36: 174.12 | F36: 101.03 | G36: 84.53 | H36: 80.77 | I36: 79.49 | J36: 77.46 | K36: 77.83
A37: Slovenia | B37: 3.16 | C37: 3.17 | D37: 2.81 | E37: 2.8 | F37: 2.97 | G37: 2.73 | H37: 2.89 | I37: 2.94 | J37: 2.86 | K37: :
A38: Slovakia | B38: 8.26 | C38: 7.45 | D38: 7.76 | E38: 8.19 | F38: 7 | G38: 6.07 | H38: 5.73 | I38: 5.43 | J38: 6.03 | K38: 6.28
A39: Finland | B39: 21.7 | C39: 21.2 | D39: 21.4 | E39: 21.4 | F39: 20.7 | G39: 20.33 | H39: 19.06 | I39: 16.5 | J39: 17.73 | K39: 18.9
A40: Sweden | B40: 24.21 | C40: 24.57 | D40: 23.91 | E40: 23.65 | F40: 24.07 | G40: 23.75 | H40: 23.41 | I40: 22.5 | J40: 23.58 | K40: 25.94
A41: Iceland | B41: 0.5 | C41: 0.4 | D41: 0.4 | E41: 0.5 | F41: 0.4 | G41: 0.45 | H41: 0.42 | I41: 0.47 | J41: 0.41 | K41: :
A42: Norway | B42: 11.98 | C42: 11.73 | D42: 11.61 | E42: 11.69 | F42: 11.51 | G42: 11.62 | H42: 11.9 | I42: 11.51 | J42: : | K42: :
A43: Switzerland | B43: 11 | C43: 11.28 | D43: 11.11 | E43: 10.98 | F43: 10.96 | G43: 10.71 | H43: 10.75 | I43: 10.7 | J43: 10.71 | K43: 10.7
A44: United Kingdom | B44: 139 | C44: 145 | D44: 140 | E44: 144.07 | F44: 142.2 | G44: : | H44: : | I44: : | J44: : | K44: :
A45: Bosnia and Herzegovina | B45: 35.54 | C45: 34.98 | D45: 35.16 | E45: 34.24 | F45: 39.05 | G45: 35.18 | H45: 18.97 | I45: 19.67 | J45: : | K45: :
A46: Montenegro | B46: 1.61 | C46: 1.62 | D46: 1.62 | E46: 1.62 | F46: 1.71 | G46: 1.61 | H46: 1.57 | I46: 1.56 | J46: : | K46: :
